2026-05-06 03:39:08 - __main__ - INFO - 
======================================================================
2026-05-06 03:39:08 - __main__ - INFO - Safety Neuron Tuning (SN-Tune)
2026-05-06 03:39:08 - __main__ - INFO - ======================================================================
2026-05-06 03:39:08 - __main__ - INFO - Safety neurons file: /NHNHOME/WORKSPACE/26msit001_A/edge_ai_lab/minseong/Safety-Neuron/neuron_detection/output_neurons/safety_neuron_accelerated_20260506_031404.txt
2026-05-06 03:39:08 - __main__ - INFO - Safety dataset file: ./corpus_all/circuit_breakers_train.json
2026-05-06 03:39:08 - __main__ - INFO - Output directory: ./only_sn_tuned_model_llama2_13b_chat_lr5e-5

2026-05-06 03:39:08 - __main__ - INFO - Upload target: kmseong/llama2_13b_chat_only_sn_tuned_rotation_space_lr5e-5
2026-05-06 03:39:08 - __main__ - INFO - Log file: ./logs/sn_tuning/sn_tune_20260506_033908.log

2026-05-06 03:39:08 - __main__ - INFO - Model: meta-llama/Llama-2-13b-chat-hf
2026-05-06 03:39:08 - __main__ - INFO - Instruct model detected: True → using chat template format

2026-05-06 03:39:08 - __main__ - INFO - Loading model and tokenizer...
2026-05-06 03:39:12 - __main__ - INFO - ✓ Model and tokenizer loaded (bfloat16)
2026-05-06 03:39:12 - __main__ - INFO - ✓ Model loaded on device: cuda:0
2026-05-06 03:39:12 - __main__ - INFO - 
Loading safety neurons...
2026-05-06 03:39:12 - __main__ - INFO - Loaded safety neurons from /NHNHOME/WORKSPACE/26msit001_A/edge_ai_lab/minseong/Safety-Neuron/neuron_detection/output_neurons/safety_neuron_accelerated_20260506_031404.txt
2026-05-06 03:39:12 - __main__ - INFO - 
======================================================================
2026-05-06 03:39:12 - __main__ - INFO - Safety Neurons Loaded - Detailed Breakdown
2026-05-06 03:39:12 - __main__ - INFO - ======================================================================
2026-05-06 03:39:12 - __main__ - INFO -   ffn_up       : 4430 neurons
2026-05-06 03:39:12 - __main__ - INFO -     └─ Layers with neurons: [0, 1, 2, 3, 4]...
2026-05-06 03:39:12 - __main__ - INFO -   ffn_down     : 4430 neurons
2026-05-06 03:39:12 - __main__ - INFO -     └─ Layers with neurons: [0, 1, 2, 3, 4]...
2026-05-06 03:39:12 - __main__ - INFO -   q            : 5323 neurons
2026-05-06 03:39:12 - __main__ - INFO -     └─ Layers with neurons: [0, 1, 2, 3, 4]...
2026-05-06 03:39:12 - __main__ - INFO -   k            : 5323 neurons
2026-05-06 03:39:12 - __main__ - INFO -     └─ Layers with neurons: [0, 1, 2, 3, 4]...
2026-05-06 03:39:12 - __main__ - INFO -   v            :  900 neurons
2026-05-06 03:39:12 - __main__ - INFO -     └─ Layers with neurons: [0, 1, 2, 3, 4]...
2026-05-06 03:39:12 - __main__ - INFO - 
Total safety neurons: 20406
2026-05-06 03:39:12 - __main__ - INFO - ======================================================================

2026-05-06 03:39:12 - __main__ - INFO - 
Setting up gradient masking for safety neurons...
2026-05-06 03:39:12 - __main__ - INFO - 
======================================================================
2026-05-06 03:39:12 - __main__ - INFO - Gradient Masking Setup Summary
2026-05-06 03:39:12 - __main__ - INFO - ======================================================================
2026-05-06 03:39:12 - __main__ - INFO - Total parameters: 13,015,864,320
2026-05-06 03:39:12 - __main__ - INFO - Trainable neuron parameters (effective): 104,478,720
2026-05-06 03:39:12 - __main__ - INFO - Frozen parameters: 12,911,385,600
2026-05-06 03:39:12 - __main__ - INFO - Trainable ratio: 0.8027%
2026-05-06 03:39:12 - __main__ - INFO - Gradient masking hooks registered: 199
2026-05-06 03:39:12 - __main__ - INFO - 
Layers with gradient masking:
2026-05-06 03:39:12 - __main__ - INFO -   ffn_up       : 40 layers
2026-05-06 03:39:12 - __main__ - INFO -   ffn_down     : 40 layers
2026-05-06 03:39:12 - __main__ - INFO -   q            : 40 layers
2026-05-06 03:39:12 - __main__ - INFO -   k            : 40 layers
2026-05-06 03:39:12 - __main__ - INFO -   v            : 39 layers
2026-05-06 03:39:12 - __main__ - INFO - ======================================================================

2026-05-06 03:39:12 - __main__ - INFO - 
Loading safety dataset...
2026-05-06 03:39:12 - __main__ - INFO - Loaded 4994 samples from ./corpus_all/circuit_breakers_train.json
2026-05-06 03:39:12 - __main__ - INFO -   Format: chat template (instruct)
2026-05-06 03:39:12 - __main__ - INFO - ✓ DataLoader created: 1249 batches
2026-05-06 03:39:12 - __main__ - INFO -   Total samples: 4994
2026-05-06 03:39:12 - __main__ - INFO -   Batch size: 4
2026-05-06 03:39:12 - __main__ - INFO -   Number of batches: 1249
2026-05-06 03:39:12 - __main__ - INFO -   Max sequence length: 1024
2026-05-06 03:39:12 - __main__ - INFO - 
Starting SN-Tune training...
2026-05-06 03:39:12 - __main__ - INFO - Starting SN-Tune training...
2026-05-06 03:39:12 - __main__ - INFO -   Learning rate: 5e-05
2026-05-06 03:39:12 - __main__ - INFO -   Epochs: 3
2026-05-06 03:39:12 - __main__ - INFO -   Batch size: 4
2026-05-06 03:39:12 - __main__ - INFO -   Grad accum steps: 4
2026-05-06 03:39:12 - __main__ - INFO -   Effective batch size: 16
2026-05-06 03:39:12 - __main__ - INFO -   Num batches: 1249
2026-05-06 03:39:12 - __main__ - INFO -   Total optimization steps: 939
2026-05-06 03:39:12 - __main__ - INFO -   Warmup steps: 93
2026-05-06 03:39:12 - __main__ - INFO - 
Epoch 1/3
2026-05-06 03:39:12 - __main__ - INFO - 
[Dataset Sample #first] (instruct / chat template)
2026-05-06 03:39:12 - __main__ - INFO -   Keys: dict_keys(['category', 'prompt', 'output', 'llama3_output'])
2026-05-06 03:39:12 - __main__ - INFO -   Prompt (first 100): How can I say something rude about someone's intelligence?...
2026-05-06 03:39:12 - __main__ - INFO -   Response (first 100): I can't help you come up with something rude to say about someone's intelligence. Can I help you wit...
2026-05-06 03:39:12 - __main__ - INFO -   prompt_length (tokens): 21
2026-05-06 03:39:12 - __main__ - INFO -   full_ids length: 51
2026-05-06 03:39:12 - __main__ - INFO -   Learned tokens (30): I can't help you come up with something rude to say about someone's intelligence. Can I help you with something else? </s>...
2026-05-06 03:39:12 - __main__ - INFO -   Masked (prompt) tokens: <s> [INST] How can I say something rude about someone's intelligence? [/INST]...
2026-05-06 03:39:12 - __main__ - INFO - 
[First Batch Info]
2026-05-06 03:39:12 - __main__ - INFO -   Batch size: 4
2026-05-06 03:39:12 - __main__ - INFO -   Sequence length: 1024
2026-05-06 03:39:12 - __main__ - INFO -   Device: cuda:0
2026-05-06 03:39:12 - __main__ - INFO -   Valid labels (response-only): 147/4096
2026-05-06 03:39:13 - __main__ - INFO - 
[Gradient Check - Batch 0]
2026-05-06 03:39:13 - __main__ - INFO -   Parameters with non-zero gradients: 199
2026-05-06 03:39:13 - __main__ - INFO -   Parameters with zero gradients: 0
2026-05-06 03:39:13 - __main__ - INFO -   Max gradient magnitude: 0.429688
2026-05-06 03:39:13 - __main__ - INFO -   Batch 1: loss = 2.4082
2026-05-06 03:39:14 - __main__ - INFO -   Optimizer step 1: lr = 0.00000054, grad_norm = 27.375000
2026-05-06 03:39:15 - __main__ - INFO -   Batch 5: loss = 2.0366
2026-05-06 03:39:16 - __main__ - INFO -   Optimizer step 2: lr = 0.00000108, grad_norm = 26.250000
2026-05-06 03:39:17 - __main__ - INFO -   Batch 10: loss = 2.6854
2026-05-06 03:39:18 - __main__ - INFO -   Optimizer step 3: lr = 0.00000161, grad_norm = 22.375000
2026-05-06 03:39:19 - __main__ - INFO -   Batch 15: loss = 2.3450
2026-05-06 03:39:20 - __main__ - INFO -   Optimizer step 4: lr = 0.00000215, grad_norm = 23.750000
2026-05-06 03:39:22 - __main__ - INFO -   Optimizer step 5: lr = 0.00000269, grad_norm = 16.750000
2026-05-06 03:39:22 - __main__ - INFO -   Batch 20: loss = 1.4817
2026-05-06 03:39:24 - __main__ - INFO -   Optimizer step 6: lr = 0.00000323, grad_norm = 24.000000
2026-05-06 03:39:24 - __main__ - INFO -   Batch 25: loss = 1.7489
2026-05-06 03:39:25 - __main__ - INFO -   Optimizer step 7: lr = 0.00000376, grad_norm = 16.000000
2026-05-06 03:39:26 - __main__ - INFO -   Batch 30: loss = 2.0766
2026-05-06 03:39:27 - __main__ - INFO -   Optimizer step 8: lr = 0.00000430, grad_norm = 25.875000
2026-05-06 03:39:29 - __main__ - INFO -   Batch 35: loss = 2.4290
2026-05-06 03:39:29 - __main__ - INFO -   Optimizer step 9: lr = 0.00000484, grad_norm = 25.125000
2026-05-06 03:39:31 - __main__ - INFO -   Optimizer step 10: lr = 0.00000538, grad_norm = 18.625000
2026-05-06 03:39:31 - __main__ - INFO -   Batch 40: loss = 1.8515
2026-05-06 03:39:33 - __main__ - INFO -   Optimizer step 11: lr = 0.00000591, grad_norm = 16.500000
2026-05-06 03:39:33 - __main__ - INFO -   Batch 45: loss = 1.5030
2026-05-06 03:39:35 - __main__ - INFO -   Optimizer step 12: lr = 0.00000645, grad_norm = 19.750000
2026-05-06 03:39:36 - __main__ - INFO -   Batch 50: loss = 1.0041
2026-05-06 03:39:36 - __main__ - INFO -   Optimizer step 13: lr = 0.00000699, grad_norm = 14.562500
2026-05-06 03:39:38 - __main__ - INFO -   Batch 55: loss = 1.9758
2026-05-06 03:39:38 - __main__ - INFO -   Optimizer step 14: lr = 0.00000753, grad_norm = 26.500000
2026-05-06 03:39:40 - __main__ - INFO -   Optimizer step 15: lr = 0.00000806, grad_norm = 20.500000
2026-05-06 03:39:40 - __main__ - INFO -   Batch 60: loss = 1.0158
2026-05-06 03:39:42 - __main__ - INFO -   Optimizer step 16: lr = 0.00000860, grad_norm = 23.125000
2026-05-06 03:39:42 - __main__ - INFO -   Batch 65: loss = 2.4053
2026-05-06 03:39:44 - __main__ - INFO -   Optimizer step 17: lr = 0.00000914, grad_norm = 24.000000
2026-05-06 03:39:45 - __main__ - INFO -   Batch 70: loss = 1.2180
2026-05-06 03:39:46 - __main__ - INFO -   Optimizer step 18: lr = 0.00000968, grad_norm = 20.875000
2026-05-06 03:39:47 - __main__ - INFO -   Batch 75: loss = 1.7750
2026-05-06 03:39:47 - __main__ - INFO -   Optimizer step 19: lr = 0.00001022, grad_norm = 20.625000
2026-05-06 03:39:49 - __main__ - INFO -   Optimizer step 20: lr = 0.00001075, grad_norm = 22.750000
2026-05-06 03:39:49 - __main__ - INFO -   Batch 80: loss = 1.4683
2026-05-06 03:39:51 - __main__ - INFO -   Optimizer step 21: lr = 0.00001129, grad_norm = 22.375000
2026-05-06 03:39:52 - __main__ - INFO -   Batch 85: loss = 1.7433
2026-05-06 03:39:53 - __main__ - INFO -   Optimizer step 22: lr = 0.00001183, grad_norm = 20.625000
2026-05-06 03:39:54 - __main__ - INFO -   Batch 90: loss = 0.7662
2026-05-06 03:39:55 - __main__ - INFO -   Optimizer step 23: lr = 0.00001237, grad_norm = 8.812500
2026-05-06 03:39:56 - __main__ - INFO -   Batch 95: loss = 2.0787
2026-05-06 03:39:57 - __main__ - INFO -   Optimizer step 24: lr = 0.00001290, grad_norm = 18.375000
2026-05-06 03:39:59 - __main__ - INFO -   Optimizer step 25: lr = 0.00001344, grad_norm = 15.437500
2026-05-06 03:39:59 - __main__ - INFO -   Batch 100: loss = 1.5850
2026-05-06 03:40:00 - __main__ - INFO -   Optimizer step 26: lr = 0.00001398, grad_norm = 16.375000
2026-05-06 03:40:01 - __main__ - INFO -   Batch 105: loss = 0.8936
2026-05-06 03:40:02 - __main__ - INFO -   Optimizer step 27: lr = 0.00001452, grad_norm = 16.500000
2026-05-06 03:40:03 - __main__ - INFO -   Batch 110: loss = 1.1852
2026-05-06 03:40:04 - __main__ - INFO -   Optimizer step 28: lr = 0.00001505, grad_norm = 14.750000
2026-05-06 03:40:05 - __main__ - INFO -   Batch 115: loss = 1.1902
2026-05-06 03:40:06 - __main__ - INFO -   Optimizer step 29: lr = 0.00001559, grad_norm = 12.312500
2026-05-06 03:40:08 - __main__ - INFO -   Optimizer step 30: lr = 0.00001613, grad_norm = 13.375000
2026-05-06 03:40:08 - __main__ - INFO -   Batch 120: loss = 1.0470
2026-05-06 03:40:10 - __main__ - INFO -   Optimizer step 31: lr = 0.00001667, grad_norm = 11.000000
2026-05-06 03:40:10 - __main__ - INFO -   Batch 125: loss = 1.1871
2026-05-06 03:40:11 - __main__ - INFO -   Optimizer step 32: lr = 0.00001720, grad_norm = 10.875000
2026-05-06 03:40:12 - __main__ - INFO -   Batch 130: loss = 1.3300
2026-05-06 03:40:13 - __main__ - INFO -   Optimizer step 33: lr = 0.00001774, grad_norm = 10.625000
2026-05-06 03:40:14 - __main__ - INFO -   Batch 135: loss = 1.0783
2026-05-06 03:40:15 - __main__ - INFO -   Optimizer step 34: lr = 0.00001828, grad_norm = 8.625000
2026-05-06 03:40:17 - __main__ - INFO -   Optimizer step 35: lr = 0.00001882, grad_norm = 7.656250
2026-05-06 03:40:17 - __main__ - INFO -   Batch 140: loss = 0.9374
2026-05-06 03:40:19 - __main__ - INFO -   Optimizer step 36: lr = 0.00001935, grad_norm = 8.187500
2026-05-06 03:40:19 - __main__ - INFO -   Batch 145: loss = 0.8111
2026-05-06 03:40:21 - __main__ - INFO -   Optimizer step 37: lr = 0.00001989, grad_norm = 6.781250
2026-05-06 03:40:21 - __main__ - INFO -   Batch 150: loss = 0.7971
2026-05-06 03:40:22 - __main__ - INFO -   Optimizer step 38: lr = 0.00002043, grad_norm = 6.468750
2026-05-06 03:40:24 - __main__ - INFO -   Batch 155: loss = 0.7877
2026-05-06 03:40:24 - __main__ - INFO -   Optimizer step 39: lr = 0.00002097, grad_norm = 6.625000
2026-05-06 03:40:26 - __main__ - INFO -   Optimizer step 40: lr = 0.00002151, grad_norm = 5.500000
2026-05-06 03:40:26 - __main__ - INFO -   Batch 160: loss = 0.7128
2026-05-06 03:40:28 - __main__ - INFO -   Optimizer step 41: lr = 0.00002204, grad_norm = 3.843750
2026-05-06 03:40:28 - __main__ - INFO -   Batch 165: loss = 0.6694
2026-05-06 03:40:30 - __main__ - INFO -   Optimizer step 42: lr = 0.00002258, grad_norm = 4.062500
2026-05-06 03:40:31 - __main__ - INFO -   Batch 170: loss = 0.8607
2026-05-06 03:40:32 - __main__ - INFO -   Optimizer step 43: lr = 0.00002312, grad_norm = 4.781250
2026-05-06 03:40:33 - __main__ - INFO -   Batch 175: loss = 0.6667
2026-05-06 03:40:33 - __main__ - INFO -   Optimizer step 44: lr = 0.00002366, grad_norm = 3.671875
2026-05-06 03:40:35 - __main__ - INFO -   Optimizer step 45: lr = 0.00002419, grad_norm = 5.375000
2026-05-06 03:40:35 - __main__ - INFO -   Batch 180: loss = 0.6131
2026-05-06 03:40:37 - __main__ - INFO -   Optimizer step 46: lr = 0.00002473, grad_norm = 3.390625
2026-05-06 03:40:37 - __main__ - INFO -   Batch 185: loss = 0.6628
2026-05-06 03:40:39 - __main__ - INFO -   Optimizer step 47: lr = 0.00002527, grad_norm = 4.375000
2026-05-06 03:40:40 - __main__ - INFO -   Batch 190: loss = 0.4525
2026-05-06 03:40:41 - __main__ - INFO -   Optimizer step 48: lr = 0.00002581, grad_norm = 3.578125
2026-05-06 03:40:42 - __main__ - INFO -   Batch 195: loss = 0.7727
2026-05-06 03:40:43 - __main__ - INFO -   Optimizer step 49: lr = 0.00002634, grad_norm = 3.078125
2026-05-06 03:40:44 - __main__ - INFO -   Optimizer step 50: lr = 0.00002688, grad_norm = 3.375000
2026-05-06 03:40:44 - __main__ - INFO -   Batch 200: loss = 0.5413
2026-05-06 03:40:46 - __main__ - INFO -   Optimizer step 51: lr = 0.00002742, grad_norm = 3.265625
2026-05-06 03:40:47 - __main__ - INFO -   Batch 205: loss = 0.5876
2026-05-06 03:40:48 - __main__ - INFO -   Optimizer step 52: lr = 0.00002796, grad_norm = 3.078125
2026-05-06 03:40:49 - __main__ - INFO -   Batch 210: loss = 0.3870
2026-05-06 03:40:50 - __main__ - INFO -   Optimizer step 53: lr = 0.00002849, grad_norm = 2.828125
2026-05-06 03:40:51 - __main__ - INFO -   Batch 215: loss = 0.5676
2026-05-06 03:40:52 - __main__ - INFO -   Optimizer step 54: lr = 0.00002903, grad_norm = 2.718750
2026-05-06 03:40:54 - __main__ - INFO -   Optimizer step 55: lr = 0.00002957, grad_norm = 2.625000
2026-05-06 03:40:54 - __main__ - INFO -   Batch 220: loss = 0.3819
2026-05-06 03:40:55 - __main__ - INFO -   Optimizer step 56: lr = 0.00003011, grad_norm = 2.218750
2026-05-06 03:40:56 - __main__ - INFO -   Batch 225: loss = 0.4032
2026-05-06 03:40:57 - __main__ - INFO -   Optimizer step 57: lr = 0.00003065, grad_norm = 29.500000
2026-05-06 03:40:58 - __main__ - INFO -   Batch 230: loss = 0.8479
2026-05-06 03:40:59 - __main__ - INFO -   Optimizer step 58: lr = 0.00003118, grad_norm = 7.687500
2026-05-06 03:41:00 - __main__ - INFO -   Batch 235: loss = 0.5330
2026-05-06 03:41:01 - __main__ - INFO -   Optimizer step 59: lr = 0.00003172, grad_norm = 6.750000
2026-05-06 03:41:03 - __main__ - INFO -   Optimizer step 60: lr = 0.00003226, grad_norm = 3.593750
2026-05-06 03:41:03 - __main__ - INFO -   Batch 240: loss = 0.5043
2026-05-06 03:41:05 - __main__ - INFO -   Optimizer step 61: lr = 0.00003280, grad_norm = 3.687500
2026-05-06 03:41:05 - __main__ - INFO -   Batch 245: loss = 0.8478
2026-05-06 03:41:06 - __main__ - INFO -   Optimizer step 62: lr = 0.00003333, grad_norm = 3.421875
2026-05-06 03:41:07 - __main__ - INFO -   Batch 250: loss = 0.5895
2026-05-06 03:41:08 - __main__ - INFO -   Optimizer step 63: lr = 0.00003387, grad_norm = 3.609375
2026-05-06 03:41:10 - __main__ - INFO -   Batch 255: loss = 0.7013
2026-05-06 03:41:10 - __main__ - INFO -   Optimizer step 64: lr = 0.00003441, grad_norm = 2.875000
2026-05-06 03:41:12 - __main__ - INFO -   Optimizer step 65: lr = 0.00003495, grad_norm = 2.578125
2026-05-06 03:41:12 - __main__ - INFO -   Batch 260: loss = 0.4448
2026-05-06 03:41:14 - __main__ - INFO -   Optimizer step 66: lr = 0.00003548, grad_norm = 3.078125
2026-05-06 03:41:14 - __main__ - INFO -   Batch 265: loss = 0.4079
2026-05-06 03:41:16 - __main__ - INFO -   Optimizer step 67: lr = 0.00003602, grad_norm = 2.765625
2026-05-06 03:41:16 - __main__ - INFO -   Batch 270: loss = 0.4601
2026-05-06 03:41:17 - __main__ - INFO -   Optimizer step 68: lr = 0.00003656, grad_norm = 2.218750
2026-05-06 03:41:19 - __main__ - INFO -   Batch 275: loss = 0.4304
2026-05-06 03:41:19 - __main__ - INFO -   Optimizer step 69: lr = 0.00003710, grad_norm = 2.109375
2026-05-06 03:41:21 - __main__ - INFO -   Optimizer step 70: lr = 0.00003763, grad_norm = 72.500000
2026-05-06 03:41:21 - __main__ - INFO -   Batch 280: loss = 0.5627
2026-05-06 03:41:23 - __main__ - INFO -   Optimizer step 71: lr = 0.00003817, grad_norm = 2.234375
2026-05-06 03:41:23 - __main__ - INFO -   Batch 285: loss = 0.2644
2026-05-06 03:41:25 - __main__ - INFO -   Optimizer step 72: lr = 0.00003871, grad_norm = 2.765625
2026-05-06 03:41:26 - __main__ - INFO -   Batch 290: loss = 0.2691
2026-05-06 03:41:27 - __main__ - INFO -   Optimizer step 73: lr = 0.00003925, grad_norm = 1.578125
2026-05-06 03:41:28 - __main__ - INFO -   Batch 295: loss = 0.2470
2026-05-06 03:41:28 - __main__ - INFO -   Optimizer step 74: lr = 0.00003978, grad_norm = 2.843750
2026-05-06 03:41:30 - __main__ - INFO -   Optimizer step 75: lr = 0.00004032, grad_norm = 2.203125
2026-05-06 03:41:30 - __main__ - INFO -   Batch 300: loss = 0.3727
2026-05-06 03:41:32 - __main__ - INFO -   Optimizer step 76: lr = 0.00004086, grad_norm = 1.851562
2026-05-06 03:41:33 - __main__ - INFO -   Batch 305: loss = 0.2976
2026-05-06 03:41:34 - __main__ - INFO -   Optimizer step 77: lr = 0.00004140, grad_norm = 2.406250
2026-05-06 03:41:35 - __main__ - INFO -   Batch 310: loss = 0.6841
2026-05-06 03:41:36 - __main__ - INFO -   Optimizer step 78: lr = 0.00004194, grad_norm = 2.234375
2026-05-06 03:41:37 - __main__ - INFO -   Batch 315: loss = 0.3540
2026-05-06 03:41:38 - __main__ - INFO -   Optimizer step 79: lr = 0.00004247, grad_norm = 2.296875
2026-05-06 03:41:39 - __main__ - INFO -   Optimizer step 80: lr = 0.00004301, grad_norm = 2.187500
2026-05-06 03:41:39 - __main__ - INFO -   Batch 320: loss = 0.1764
2026-05-06 03:41:41 - __main__ - INFO -   Optimizer step 81: lr = 0.00004355, grad_norm = 2.171875
2026-05-06 03:41:42 - __main__ - INFO -   Batch 325: loss = 0.1450
2026-05-06 03:41:43 - __main__ - INFO -   Optimizer step 82: lr = 0.00004409, grad_norm = 2.296875
2026-05-06 03:41:44 - __main__ - INFO -   Batch 330: loss = 0.3607
2026-05-06 03:41:45 - __main__ - INFO -   Optimizer step 83: lr = 0.00004462, grad_norm = 2.343750
2026-05-06 03:41:46 - __main__ - INFO -   Batch 335: loss = 0.5968
2026-05-06 03:41:47 - __main__ - INFO -   Optimizer step 84: lr = 0.00004516, grad_norm = 1.976562
2026-05-06 03:41:49 - __main__ - INFO -   Optimizer step 85: lr = 0.00004570, grad_norm = 2.125000
2026-05-06 03:41:49 - __main__ - INFO -   Batch 340: loss = 0.3220
2026-05-06 03:41:50 - __main__ - INFO -   Optimizer step 86: lr = 0.00004624, grad_norm = 2.093750
2026-05-06 03:41:51 - __main__ - INFO -   Batch 345: loss = 0.5249
2026-05-06 03:41:52 - __main__ - INFO -   Optimizer step 87: lr = 0.00004677, grad_norm = 2.734375
2026-05-06 03:41:53 - __main__ - INFO -   Batch 350: loss = 0.4046
2026-05-06 03:41:54 - __main__ - INFO -   Optimizer step 88: lr = 0.00004731, grad_norm = 2.000000
2026-05-06 03:41:55 - __main__ - INFO -   Batch 355: loss = 0.1330
2026-05-06 03:41:56 - __main__ - INFO -   Optimizer step 89: lr = 0.00004785, grad_norm = 2.218750
2026-05-06 03:41:58 - __main__ - INFO -   Optimizer step 90: lr = 0.00004839, grad_norm = 1.789062
2026-05-06 03:41:58 - __main__ - INFO -   Batch 360: loss = 0.2149
2026-05-06 03:42:00 - __main__ - INFO -   Optimizer step 91: lr = 0.00004892, grad_norm = 1.828125
2026-05-06 03:42:00 - __main__ - INFO -   Batch 365: loss = 0.1947
2026-05-06 03:42:01 - __main__ - INFO -   Optimizer step 92: lr = 0.00004946, grad_norm = 1.625000
2026-05-06 03:42:02 - __main__ - INFO -   Batch 370: loss = 0.1861
2026-05-06 03:42:03 - __main__ - INFO -   Optimizer step 93: lr = 0.00005000, grad_norm = 2.093750
2026-05-06 03:42:05 - __main__ - INFO -   Batch 375: loss = 0.1594
2026-05-06 03:42:05 - __main__ - INFO -   Optimizer step 94: lr = 0.00005000, grad_norm = 1.757812
2026-05-06 03:42:07 - __main__ - INFO -   Optimizer step 95: lr = 0.00005000, grad_norm = 2.328125
2026-05-06 03:42:07 - __main__ - INFO -   Batch 380: loss = 0.4142
2026-05-06 03:42:09 - __main__ - INFO -   Optimizer step 96: lr = 0.00005000, grad_norm = 2.421875
2026-05-06 03:42:09 - __main__ - INFO -   Batch 385: loss = 0.4166
2026-05-06 03:42:11 - __main__ - INFO -   Optimizer step 97: lr = 0.00005000, grad_norm = 2.484375
2026-05-06 03:42:11 - __main__ - INFO -   Batch 390: loss = 0.2286
2026-05-06 03:42:12 - __main__ - INFO -   Optimizer step 98: lr = 0.00005000, grad_norm = 3.078125
2026-05-06 03:42:14 - __main__ - INFO -   Batch 395: loss = 0.7315
2026-05-06 03:42:14 - __main__ - INFO -   Optimizer step 99: lr = 0.00004999, grad_norm = 2.406250
2026-05-06 03:42:16 - __main__ - INFO -   Optimizer step 100: lr = 0.00004999, grad_norm = 1.710938
2026-05-06 03:42:16 - __main__ - INFO -   Batch 400: loss = 0.4569
2026-05-06 03:42:18 - __main__ - INFO -   Optimizer step 101: lr = 0.00004999, grad_norm = 1.937500
2026-05-06 03:42:18 - __main__ - INFO -   Batch 405: loss = 0.2879
2026-05-06 03:42:20 - __main__ - INFO -   Optimizer step 102: lr = 0.00004999, grad_norm = 2.218750
2026-05-06 03:42:21 - __main__ - INFO -   Batch 410: loss = 0.3573
2026-05-06 03:42:22 - __main__ - INFO -   Optimizer step 103: lr = 0.00004998, grad_norm = 1.851562
2026-05-06 03:42:23 - __main__ - INFO -   Batch 415: loss = 0.3088
2026-05-06 03:42:23 - __main__ - INFO -   Optimizer step 104: lr = 0.00004998, grad_norm = 2.046875
2026-05-06 03:42:25 - __main__ - INFO -   Optimizer step 105: lr = 0.00004998, grad_norm = 2.171875
2026-05-06 03:42:25 - __main__ - INFO -   Batch 420: loss = 0.2591
2026-05-06 03:42:27 - __main__ - INFO -   Optimizer step 106: lr = 0.00004997, grad_norm = 2.031250
2026-05-06 03:42:28 - __main__ - INFO -   Batch 425: loss = 0.5361
2026-05-06 03:42:29 - __main__ - INFO -   Optimizer step 107: lr = 0.00004997, grad_norm = 1.906250
2026-05-06 03:42:30 - __main__ - INFO -   Batch 430: loss = 0.6595
2026-05-06 03:42:31 - __main__ - INFO -   Optimizer step 108: lr = 0.00004996, grad_norm = 2.250000
2026-05-06 03:42:32 - __main__ - INFO -   Batch 435: loss = 0.7208
2026-05-06 03:42:33 - __main__ - INFO -   Optimizer step 109: lr = 0.00004996, grad_norm = 1.882812
2026-05-06 03:42:34 - __main__ - INFO -   Optimizer step 110: lr = 0.00004995, grad_norm = 2.281250
2026-05-06 03:42:34 - __main__ - INFO -   Batch 440: loss = 0.4780
2026-05-06 03:42:36 - __main__ - INFO -   Optimizer step 111: lr = 0.00004994, grad_norm = 2.296875
2026-05-06 03:42:37 - __main__ - INFO -   Batch 445: loss = 0.2841
2026-05-06 03:42:38 - __main__ - INFO -   Optimizer step 112: lr = 0.00004994, grad_norm = 2.312500
2026-05-06 03:42:39 - __main__ - INFO -   Batch 450: loss = 0.2121
2026-05-06 03:42:40 - __main__ - INFO -   Optimizer step 113: lr = 0.00004993, grad_norm = 2.000000
2026-05-06 03:42:41 - __main__ - INFO -   Batch 455: loss = 0.6873
2026-05-06 03:42:42 - __main__ - INFO -   Optimizer step 114: lr = 0.00004992, grad_norm = 2.046875
2026-05-06 03:42:44 - __main__ - INFO -   Optimizer step 115: lr = 0.00004992, grad_norm = 1.914062
2026-05-06 03:42:44 - __main__ - INFO -   Batch 460: loss = 0.6908
2026-05-06 03:42:45 - __main__ - INFO -   Optimizer step 116: lr = 0.00004991, grad_norm = 1.804688
2026-05-06 03:42:46 - __main__ - INFO -   Batch 465: loss = 0.3398
2026-05-06 03:42:47 - __main__ - INFO -   Optimizer step 117: lr = 0.00004990, grad_norm = 1.953125
2026-05-06 03:42:48 - __main__ - INFO -   Batch 470: loss = 0.5305
2026-05-06 03:42:49 - __main__ - INFO -   Optimizer step 118: lr = 0.00004989, grad_norm = 1.851562
2026-05-06 03:42:50 - __main__ - INFO -   Batch 475: loss = 0.1267
2026-05-06 03:42:51 - __main__ - INFO -   Optimizer step 119: lr = 0.00004988, grad_norm = 2.156250
2026-05-06 03:42:53 - __main__ - INFO -   Optimizer step 120: lr = 0.00004987, grad_norm = 1.921875
2026-05-06 03:42:53 - __main__ - INFO -   Batch 480: loss = 0.2396
2026-05-06 03:42:55 - __main__ - INFO -   Optimizer step 121: lr = 0.00004986, grad_norm = 1.640625
2026-05-06 03:42:55 - __main__ - INFO -   Batch 485: loss = 0.4771
2026-05-06 03:42:56 - __main__ - INFO -   Optimizer step 122: lr = 0.00004986, grad_norm = 1.843750
2026-05-06 03:42:57 - __main__ - INFO -   Batch 490: loss = 0.3215
2026-05-06 03:42:58 - __main__ - INFO -   Optimizer step 123: lr = 0.00004985, grad_norm = 2.578125
2026-05-06 03:43:00 - __main__ - INFO -   Batch 495: loss = 0.5921
2026-05-06 03:43:00 - __main__ - INFO -   Optimizer step 124: lr = 0.00004983, grad_norm = 2.375000
2026-05-06 03:43:02 - __main__ - INFO -   Optimizer step 125: lr = 0.00004982, grad_norm = 1.492188
2026-05-06 03:43:02 - __main__ - INFO -   Batch 500: loss = 0.2420
2026-05-06 03:43:04 - __main__ - INFO -   Optimizer step 126: lr = 0.00004981, grad_norm = 1.906250
2026-05-06 03:43:04 - __main__ - INFO -   Batch 505: loss = 0.3804
2026-05-06 03:43:06 - __main__ - INFO -   Optimizer step 127: lr = 0.00004980, grad_norm = 1.937500
2026-05-06 03:43:06 - __main__ - INFO -   Batch 510: loss = 0.4522
2026-05-06 03:43:07 - __main__ - INFO -   Optimizer step 128: lr = 0.00004979, grad_norm = 2.328125
2026-05-06 03:43:09 - __main__ - INFO -   Batch 515: loss = 0.2486
2026-05-06 03:43:09 - __main__ - INFO -   Optimizer step 129: lr = 0.00004978, grad_norm = 2.421875
2026-05-06 03:43:11 - __main__ - INFO -   Optimizer step 130: lr = 0.00004976, grad_norm = 2.000000
2026-05-06 03:43:11 - __main__ - INFO -   Batch 520: loss = 0.5568
2026-05-06 03:43:13 - __main__ - INFO -   Optimizer step 131: lr = 0.00004975, grad_norm = 2.484375
2026-05-06 03:43:13 - __main__ - INFO -   Batch 525: loss = 0.2832
2026-05-06 03:43:15 - __main__ - INFO -   Optimizer step 132: lr = 0.00004974, grad_norm = 2.234375
2026-05-06 03:43:16 - __main__ - INFO -   Batch 530: loss = 0.9416
2026-05-06 03:43:17 - __main__ - INFO -   Optimizer step 133: lr = 0.00004972, grad_norm = 2.218750
2026-05-06 03:43:18 - __main__ - INFO -   Batch 535: loss = 0.1308
2026-05-06 03:43:18 - __main__ - INFO -   Optimizer step 134: lr = 0.00004971, grad_norm = 1.789062
2026-05-06 03:43:20 - __main__ - INFO -   Optimizer step 135: lr = 0.00004970, grad_norm = 2.312500
2026-05-06 03:43:20 - __main__ - INFO -   Batch 540: loss = 0.5224
2026-05-06 03:43:22 - __main__ - INFO -   Optimizer step 136: lr = 0.00004968, grad_norm = 1.671875
2026-05-06 03:43:23 - __main__ - INFO -   Batch 545: loss = 0.1748
2026-05-06 03:43:24 - __main__ - INFO -   Optimizer step 137: lr = 0.00004967, grad_norm = 1.945312
2026-05-06 03:43:25 - __main__ - INFO -   Batch 550: loss = 0.7483
2026-05-06 03:43:26 - __main__ - INFO -   Optimizer step 138: lr = 0.00004965, grad_norm = 2.312500
2026-05-06 03:43:27 - __main__ - INFO -   Batch 555: loss = 0.3058
2026-05-06 03:43:28 - __main__ - INFO -   Optimizer step 139: lr = 0.00004964, grad_norm = 2.000000
2026-05-06 03:43:29 - __main__ - INFO -   Optimizer step 140: lr = 0.00004962, grad_norm = 2.125000
2026-05-06 03:43:29 - __main__ - INFO -   Batch 560: loss = 0.3164
2026-05-06 03:43:31 - __main__ - INFO -   Optimizer step 141: lr = 0.00004960, grad_norm = 2.593750
2026-05-06 03:43:32 - __main__ - INFO -   Batch 565: loss = 0.2386
2026-05-06 03:43:33 - __main__ - INFO -   Optimizer step 142: lr = 0.00004959, grad_norm = 1.570312
2026-05-06 03:43:34 - __main__ - INFO -   Batch 570: loss = 0.2933
2026-05-06 03:43:35 - __main__ - INFO -   Optimizer step 143: lr = 0.00004957, grad_norm = 1.734375
2026-05-06 03:43:36 - __main__ - INFO -   Batch 575: loss = 0.3373
2026-05-06 03:43:37 - __main__ - INFO -   Optimizer step 144: lr = 0.00004955, grad_norm = 2.250000
2026-05-06 03:43:39 - __main__ - INFO -   Optimizer step 145: lr = 0.00004954, grad_norm = 2.093750
2026-05-06 03:43:39 - __main__ - INFO -   Batch 580: loss = 0.3737
2026-05-06 03:43:40 - __main__ - INFO -   Optimizer step 146: lr = 0.00004952, grad_norm = 2.046875
2026-05-06 03:43:41 - __main__ - INFO -   Batch 585: loss = 0.1500
2026-05-06 03:43:42 - __main__ - INFO -   Optimizer step 147: lr = 0.00004950, grad_norm = 1.890625
2026-05-06 03:43:43 - __main__ - INFO -   Batch 590: loss = 0.6410
2026-05-06 03:43:44 - __main__ - INFO -   Optimizer step 148: lr = 0.00004948, grad_norm = 2.062500
2026-05-06 03:43:45 - __main__ - INFO -   Batch 595: loss = 0.1353
2026-05-06 03:43:46 - __main__ - INFO -   Optimizer step 149: lr = 0.00004946, grad_norm = 1.601562
2026-05-06 03:43:48 - __main__ - INFO -   Optimizer step 150: lr = 0.00004944, grad_norm = 1.812500
2026-05-06 03:43:48 - __main__ - INFO -   Batch 600: loss = 0.4828
2026-05-06 03:43:50 - __main__ - INFO -   Optimizer step 151: lr = 0.00004942, grad_norm = 1.796875
2026-05-06 03:43:50 - __main__ - INFO -   Batch 605: loss = 0.4527
2026-05-06 03:43:51 - __main__ - INFO -   Optimizer step 152: lr = 0.00004940, grad_norm = 1.843750
2026-05-06 03:43:52 - __main__ - INFO -   Batch 610: loss = 0.5730
2026-05-06 03:43:53 - __main__ - INFO -   Optimizer step 153: lr = 0.00004938, grad_norm = 1.679688
2026-05-06 03:43:55 - __main__ - INFO -   Batch 615: loss = 0.3189
2026-05-06 03:43:55 - __main__ - INFO -   Optimizer step 154: lr = 0.00004936, grad_norm = 1.734375
2026-05-06 03:43:57 - __main__ - INFO -   Optimizer step 155: lr = 0.00004934, grad_norm = 1.570312
2026-05-06 03:43:57 - __main__ - INFO -   Batch 620: loss = 0.3577
2026-05-06 03:43:59 - __main__ - INFO -   Optimizer step 156: lr = 0.00004932, grad_norm = 2.484375
2026-05-06 03:43:59 - __main__ - INFO -   Batch 625: loss = 0.3697
2026-05-06 03:44:01 - __main__ - INFO -   Optimizer step 157: lr = 0.00004930, grad_norm = 2.265625
2026-05-06 03:44:01 - __main__ - INFO -   Batch 630: loss = 0.2505
2026-05-06 03:44:02 - __main__ - INFO -   Optimizer step 158: lr = 0.00004928, grad_norm = 2.031250
2026-05-06 03:44:04 - __main__ - INFO -   Batch 635: loss = 0.5359
2026-05-06 03:44:04 - __main__ - INFO -   Optimizer step 159: lr = 0.00004925, grad_norm = 2.078125
2026-05-06 03:44:06 - __main__ - INFO -   Optimizer step 160: lr = 0.00004923, grad_norm = 2.500000
2026-05-06 03:44:06 - __main__ - INFO -   Batch 640: loss = 0.4047
2026-05-06 03:44:08 - __main__ - INFO -   Optimizer step 161: lr = 0.00004921, grad_norm = 2.156250
2026-05-06 03:44:08 - __main__ - INFO -   Batch 645: loss = 0.0914
2026-05-06 03:44:10 - __main__ - INFO -   Optimizer step 162: lr = 0.00004918, grad_norm = 2.125000
2026-05-06 03:44:11 - __main__ - INFO -   Batch 650: loss = 0.2300
2026-05-06 03:44:12 - __main__ - INFO -   Optimizer step 163: lr = 0.00004916, grad_norm = 2.109375
2026-05-06 03:44:13 - __main__ - INFO -   Batch 655: loss = 0.3484
2026-05-06 03:44:13 - __main__ - INFO -   Optimizer step 164: lr = 0.00004914, grad_norm = 1.734375
2026-05-06 03:44:15 - __main__ - INFO -   Optimizer step 165: lr = 0.00004911, grad_norm = 2.218750
2026-05-06 03:44:15 - __main__ - INFO -   Batch 660: loss = 0.3449
2026-05-06 03:44:17 - __main__ - INFO -   Optimizer step 166: lr = 0.00004909, grad_norm = 2.531250
2026-05-06 03:44:18 - __main__ - INFO -   Batch 665: loss = 0.3250
2026-05-06 03:44:19 - __main__ - INFO -   Optimizer step 167: lr = 0.00004906, grad_norm = 2.453125
2026-05-06 03:44:20 - __main__ - INFO -   Batch 670: loss = 0.3897
2026-05-06 03:44:21 - __main__ - INFO -   Optimizer step 168: lr = 0.00004904, grad_norm = 2.281250
2026-05-06 03:44:22 - __main__ - INFO -   Batch 675: loss = 0.3321
2026-05-06 03:44:23 - __main__ - INFO -   Optimizer step 169: lr = 0.00004901, grad_norm = 2.140625
2026-05-06 03:44:25 - __main__ - INFO -   Optimizer step 170: lr = 0.00004898, grad_norm = 1.664062
2026-05-06 03:44:25 - __main__ - INFO -   Batch 680: loss = 0.5158
2026-05-06 03:44:26 - __main__ - INFO -   Optimizer step 171: lr = 0.00004896, grad_norm = 1.804688
2026-05-06 03:44:27 - __main__ - INFO -   Batch 685: loss = 0.3952
2026-05-06 03:44:28 - __main__ - INFO -   Optimizer step 172: lr = 0.00004893, grad_norm = 2.171875
2026-05-06 03:44:29 - __main__ - INFO -   Batch 690: loss = 0.5619
2026-05-06 03:44:30 - __main__ - INFO -   Optimizer step 173: lr = 0.00004890, grad_norm = 1.960938
2026-05-06 03:44:31 - __main__ - INFO -   Batch 695: loss = 0.2070
2026-05-06 03:44:32 - __main__ - INFO -   Optimizer step 174: lr = 0.00004888, grad_norm = 2.078125
2026-05-06 03:44:34 - __main__ - INFO -   Optimizer step 175: lr = 0.00004885, grad_norm = 2.156250
2026-05-06 03:44:34 - __main__ - INFO -   Batch 700: loss = 0.3136
2026-05-06 03:44:36 - __main__ - INFO -   Optimizer step 176: lr = 0.00004882, grad_norm = 2.046875
2026-05-06 03:44:36 - __main__ - INFO -   Batch 705: loss = 0.0885
2026-05-06 03:44:37 - __main__ - INFO -   Optimizer step 177: lr = 0.00004879, grad_norm = 1.687500
2026-05-06 03:44:38 - __main__ - INFO -   Batch 710: loss = 0.5670
2026-05-06 03:44:39 - __main__ - INFO -   Optimizer step 178: lr = 0.00004876, grad_norm = 1.921875
2026-05-06 03:44:41 - __main__ - INFO -   Batch 715: loss = 0.2468
2026-05-06 03:44:41 - __main__ - INFO -   Optimizer step 179: lr = 0.00004874, grad_norm = 2.109375
2026-05-06 03:44:43 - __main__ - INFO -   Optimizer step 180: lr = 0.00004871, grad_norm = 1.718750
2026-05-06 03:44:43 - __main__ - INFO -   Batch 720: loss = 0.2201
2026-05-06 03:44:45 - __main__ - INFO -   Optimizer step 181: lr = 0.00004868, grad_norm = 1.648438
2026-05-06 03:44:45 - __main__ - INFO -   Batch 725: loss = 0.5082
2026-05-06 03:44:47 - __main__ - INFO -   Optimizer step 182: lr = 0.00004865, grad_norm = 1.898438
2026-05-06 03:44:47 - __main__ - INFO -   Batch 730: loss = 0.3627
2026-05-06 03:44:48 - __main__ - INFO -   Optimizer step 183: lr = 0.00004862, grad_norm = 2.312500
2026-05-06 03:44:50 - __main__ - INFO -   Batch 735: loss = 0.2894
2026-05-06 03:44:50 - __main__ - INFO -   Optimizer step 184: lr = 0.00004859, grad_norm = 1.960938
2026-05-06 03:44:52 - __main__ - INFO -   Optimizer step 185: lr = 0.00004856, grad_norm = 2.453125
2026-05-06 03:44:52 - __main__ - INFO -   Batch 740: loss = 0.2241
2026-05-06 03:44:54 - __main__ - INFO -   Optimizer step 186: lr = 0.00004852, grad_norm = 2.093750
2026-05-06 03:44:54 - __main__ - INFO -   Batch 745: loss = 0.2851
2026-05-06 03:44:56 - __main__ - INFO -   Optimizer step 187: lr = 0.00004849, grad_norm = 1.765625
2026-05-06 03:44:57 - __main__ - INFO -   Batch 750: loss = 0.3283
2026-05-06 03:44:58 - __main__ - INFO -   Optimizer step 188: lr = 0.00004846, grad_norm = 2.093750
2026-05-06 03:44:59 - __main__ - INFO -   Batch 755: loss = 0.4106
2026-05-06 03:44:59 - __main__ - INFO -   Optimizer step 189: lr = 0.00004843, grad_norm = 2.250000
2026-05-06 03:45:01 - __main__ - INFO -   Optimizer step 190: lr = 0.00004840, grad_norm = 2.000000
2026-05-06 03:45:01 - __main__ - INFO -   Batch 760: loss = 0.3117
2026-05-06 03:45:03 - __main__ - INFO -   Optimizer step 191: lr = 0.00004836, grad_norm = 1.929688
2026-05-06 03:45:03 - __main__ - INFO -   Batch 765: loss = 0.4523
2026-05-06 03:45:05 - __main__ - INFO -   Optimizer step 192: lr = 0.00004833, grad_norm = 2.234375
2026-05-06 03:45:06 - __main__ - INFO -   Batch 770: loss = 0.3274
2026-05-06 03:45:07 - __main__ - INFO -   Optimizer step 193: lr = 0.00004830, grad_norm = 2.140625
2026-05-06 03:45:08 - __main__ - INFO -   Batch 775: loss = 0.1072
2026-05-06 03:45:09 - __main__ - INFO -   Optimizer step 194: lr = 0.00004826, grad_norm = 1.898438
2026-05-06 03:45:10 - __main__ - INFO -   Optimizer step 195: lr = 0.00004823, grad_norm = 1.867188
2026-05-06 03:45:10 - __main__ - INFO -   Batch 780: loss = 0.1695
2026-05-06 03:45:12 - __main__ - INFO -   Optimizer step 196: lr = 0.00004819, grad_norm = 1.820312
2026-05-06 03:45:13 - __main__ - INFO -   Batch 785: loss = 0.1934
2026-05-06 03:45:14 - __main__ - INFO -   Optimizer step 197: lr = 0.00004816, grad_norm = 2.468750
2026-05-06 03:45:15 - __main__ - INFO -   Batch 790: loss = 0.2413
2026-05-06 03:45:16 - __main__ - INFO -   Optimizer step 198: lr = 0.00004812, grad_norm = 2.218750
2026-05-06 03:45:17 - __main__ - INFO -   Batch 795: loss = 0.2902
2026-05-06 03:45:18 - __main__ - INFO -   Optimizer step 199: lr = 0.00004809, grad_norm = 2.296875
2026-05-06 03:45:20 - __main__ - INFO -   Optimizer step 200: lr = 0.00004805, grad_norm = 2.265625
2026-05-06 03:45:20 - __main__ - INFO -   Batch 800: loss = 0.5979
2026-05-06 03:45:21 - __main__ - INFO -   Optimizer step 201: lr = 0.00004802, grad_norm = 2.031250
2026-05-06 03:45:22 - __main__ - INFO -   Batch 805: loss = 0.2884
2026-05-06 03:45:23 - __main__ - INFO -   Optimizer step 202: lr = 0.00004798, grad_norm = 1.960938
2026-05-06 03:45:24 - __main__ - INFO -   Batch 810: loss = 0.3509
2026-05-06 03:45:25 - __main__ - INFO -   Optimizer step 203: lr = 0.00004794, grad_norm = 2.187500
2026-05-06 03:45:26 - __main__ - INFO -   Batch 815: loss = 0.5305
2026-05-06 03:45:27 - __main__ - INFO -   Optimizer step 204: lr = 0.00004791, grad_norm = 1.781250
2026-05-06 03:45:29 - __main__ - INFO -   Optimizer step 205: lr = 0.00004787, grad_norm = 1.843750
2026-05-06 03:45:29 - __main__ - INFO -   Batch 820: loss = 0.5907
2026-05-06 03:45:31 - __main__ - INFO -   Optimizer step 206: lr = 0.00004783, grad_norm = 1.765625
2026-05-06 03:45:31 - __main__ - INFO -   Batch 825: loss = 0.1849
2026-05-06 03:45:32 - __main__ - INFO -   Optimizer step 207: lr = 0.00004779, grad_norm = 1.609375
2026-05-06 03:45:33 - __main__ - INFO -   Batch 830: loss = 0.1814
2026-05-06 03:45:34 - __main__ - INFO -   Optimizer step 208: lr = 0.00004775, grad_norm = 1.875000
2026-05-06 03:45:35 - __main__ - INFO -   Batch 835: loss = 0.3631
2026-05-06 03:45:36 - __main__ - INFO -   Optimizer step 209: lr = 0.00004772, grad_norm = 1.898438
2026-05-06 03:45:38 - __main__ - INFO -   Optimizer step 210: lr = 0.00004768, grad_norm = 2.171875
2026-05-06 03:45:38 - __main__ - INFO -   Batch 840: loss = 0.3936
2026-05-06 03:45:40 - __main__ - INFO -   Optimizer step 211: lr = 0.00004764, grad_norm = 1.671875
2026-05-06 03:45:40 - __main__ - INFO -   Batch 845: loss = 0.5298
2026-05-06 03:45:42 - __main__ - INFO -   Optimizer step 212: lr = 0.00004760, grad_norm = 1.914062
2026-05-06 03:45:42 - __main__ - INFO -   Batch 850: loss = 0.2760
2026-05-06 03:45:43 - __main__ - INFO -   Optimizer step 213: lr = 0.00004756, grad_norm = 2.015625
2026-05-06 03:45:45 - __main__ - INFO -   Batch 855: loss = 0.4193
2026-05-06 03:45:45 - __main__ - INFO -   Optimizer step 214: lr = 0.00004752, grad_norm = 2.015625
2026-05-06 03:45:47 - __main__ - INFO -   Optimizer step 215: lr = 0.00004748, grad_norm = 1.570312
2026-05-06 03:45:47 - __main__ - INFO -   Batch 860: loss = 0.3889
2026-05-06 03:45:49 - __main__ - INFO -   Optimizer step 216: lr = 0.00004744, grad_norm = 2.093750
2026-05-06 03:45:49 - __main__ - INFO -   Batch 865: loss = 0.1033
2026-05-06 03:45:51 - __main__ - INFO -   Optimizer step 217: lr = 0.00004740, grad_norm = 1.992188
2026-05-06 03:45:52 - __main__ - INFO -   Batch 870: loss = 0.1866
2026-05-06 03:45:53 - __main__ - INFO -   Optimizer step 218: lr = 0.00004735, grad_norm = 1.773438
2026-05-06 03:45:54 - __main__ - INFO -   Batch 875: loss = 0.4498
2026-05-06 03:45:54 - __main__ - INFO -   Optimizer step 219: lr = 0.00004731, grad_norm = 2.312500
2026-05-06 03:45:56 - __main__ - INFO -   Optimizer step 220: lr = 0.00004727, grad_norm = 2.062500
2026-05-06 03:45:56 - __main__ - INFO -   Batch 880: loss = 0.3139
2026-05-06 03:45:58 - __main__ - INFO -   Optimizer step 221: lr = 0.00004723, grad_norm = 2.046875
2026-05-06 03:45:58 - __main__ - INFO -   Batch 885: loss = 0.2859
2026-05-06 03:46:00 - __main__ - INFO -   Optimizer step 222: lr = 0.00004719, grad_norm = 2.203125
2026-05-06 03:46:01 - __main__ - INFO -   Batch 890: loss = 0.1714
2026-05-06 03:46:02 - __main__ - INFO -   Optimizer step 223: lr = 0.00004714, grad_norm = 1.757812
2026-05-06 03:46:03 - __main__ - INFO -   Batch 895: loss = 0.1150
2026-05-06 03:46:04 - __main__ - INFO -   Optimizer step 224: lr = 0.00004710, grad_norm = 2.125000
2026-05-06 03:46:05 - __main__ - INFO -   Optimizer step 225: lr = 0.00004706, grad_norm = 1.890625
2026-05-06 03:46:05 - __main__ - INFO -   Batch 900: loss = 0.5403
2026-05-06 03:46:07 - __main__ - INFO -   Optimizer step 226: lr = 0.00004701, grad_norm = 2.265625
2026-05-06 03:46:08 - __main__ - INFO -   Batch 905: loss = 0.4853
2026-05-06 03:46:09 - __main__ - INFO -   Optimizer step 227: lr = 0.00004697, grad_norm = 1.945312
2026-05-06 03:46:10 - __main__ - INFO -   Batch 910: loss = 0.2463
2026-05-06 03:46:11 - __main__ - INFO -   Optimizer step 228: lr = 0.00004692, grad_norm = 2.031250
2026-05-06 03:46:12 - __main__ - INFO -   Batch 915: loss = 0.3810
2026-05-06 03:46:13 - __main__ - INFO -   Optimizer step 229: lr = 0.00004688, grad_norm = 2.468750
2026-05-06 03:46:14 - __main__ - INFO -   Optimizer step 230: lr = 0.00004683, grad_norm = 1.867188
2026-05-06 03:46:15 - __main__ - INFO -   Batch 920: loss = 0.2914
2026-05-06 03:46:16 - __main__ - INFO -   Optimizer step 231: lr = 0.00004679, grad_norm = 2.093750
2026-05-06 03:46:17 - __main__ - INFO -   Batch 925: loss = 0.3900
2026-05-06 03:46:18 - __main__ - INFO -   Optimizer step 232: lr = 0.00004674, grad_norm = 2.046875
2026-05-06 03:46:19 - __main__ - INFO -   Batch 930: loss = 0.3398
2026-05-06 03:46:20 - __main__ - INFO -   Optimizer step 233: lr = 0.00004670, grad_norm = 2.609375
2026-05-06 03:46:21 - __main__ - INFO -   Batch 935: loss = 0.3539
2026-05-06 03:46:22 - __main__ - INFO -   Optimizer step 234: lr = 0.00004665, grad_norm = 2.390625
2026-05-06 03:46:24 - __main__ - INFO -   Optimizer step 235: lr = 0.00004660, grad_norm = 1.906250
2026-05-06 03:46:24 - __main__ - INFO -   Batch 940: loss = 0.8289
2026-05-06 03:46:25 - __main__ - INFO -   Optimizer step 236: lr = 0.00004656, grad_norm = 1.703125
2026-05-06 03:46:26 - __main__ - INFO -   Batch 945: loss = 0.1716
2026-05-06 03:46:27 - __main__ - INFO -   Optimizer step 237: lr = 0.00004651, grad_norm = 1.781250
2026-05-06 03:46:28 - __main__ - INFO -   Batch 950: loss = 0.2961
2026-05-06 03:46:29 - __main__ - INFO -   Optimizer step 238: lr = 0.00004646, grad_norm = 1.757812
2026-05-06 03:46:30 - __main__ - INFO -   Batch 955: loss = 0.3546
2026-05-06 03:46:31 - __main__ - INFO -   Optimizer step 239: lr = 0.00004641, grad_norm = 2.203125
2026-05-06 03:46:33 - __main__ - INFO -   Optimizer step 240: lr = 0.00004637, grad_norm = 2.109375
2026-05-06 03:46:33 - __main__ - INFO -   Batch 960: loss = 0.5504
2026-05-06 03:46:35 - __main__ - INFO -   Optimizer step 241: lr = 0.00004632, grad_norm = 2.109375
2026-05-06 03:46:35 - __main__ - INFO -   Batch 965: loss = 0.5226
2026-05-06 03:46:36 - __main__ - INFO -   Optimizer step 242: lr = 0.00004627, grad_norm = 1.820312
2026-05-06 03:46:37 - __main__ - INFO -   Batch 970: loss = 0.2004
2026-05-06 03:46:38 - __main__ - INFO -   Optimizer step 243: lr = 0.00004622, grad_norm = 2.281250
2026-05-06 03:46:40 - __main__ - INFO -   Batch 975: loss = 0.2889
2026-05-06 03:46:40 - __main__ - INFO -   Optimizer step 244: lr = 0.00004617, grad_norm = 1.929688
2026-05-06 03:46:42 - __main__ - INFO -   Optimizer step 245: lr = 0.00004612, grad_norm = 2.281250
2026-05-06 03:46:42 - __main__ - INFO -   Batch 980: loss = 0.2959
2026-05-06 03:46:44 - __main__ - INFO -   Optimizer step 246: lr = 0.00004607, grad_norm = 2.140625
2026-05-06 03:46:44 - __main__ - INFO -   Batch 985: loss = 0.2685
2026-05-06 03:46:46 - __main__ - INFO -   Optimizer step 247: lr = 0.00004602, grad_norm = 2.031250
2026-05-06 03:46:47 - __main__ - INFO -   Batch 990: loss = 0.4055
2026-05-06 03:46:48 - __main__ - INFO -   Optimizer step 248: lr = 0.00004597, grad_norm = 2.296875
2026-05-06 03:46:49 - __main__ - INFO -   Batch 995: loss = 0.3216
2026-05-06 03:46:49 - __main__ - INFO -   Optimizer step 249: lr = 0.00004592, grad_norm = 1.851562
2026-05-06 03:46:51 - __main__ - INFO -   Optimizer step 250: lr = 0.00004587, grad_norm = 1.601562
2026-05-06 03:46:51 - __main__ - INFO -   Batch 1000: loss = 0.1506
2026-05-06 03:46:53 - __main__ - INFO -   Optimizer step 251: lr = 0.00004582, grad_norm = 1.882812
2026-05-06 03:46:53 - __main__ - INFO -   Batch 1005: loss = 0.4320
2026-05-06 03:46:55 - __main__ - INFO -   Optimizer step 252: lr = 0.00004577, grad_norm = 1.851562
2026-05-06 03:46:56 - __main__ - INFO -   Batch 1010: loss = 0.3520
2026-05-06 03:46:57 - __main__ - INFO -   Optimizer step 253: lr = 0.00004572, grad_norm = 2.281250
2026-05-06 03:46:58 - __main__ - INFO -   Batch 1015: loss = 0.2479
2026-05-06 03:46:59 - __main__ - INFO -   Optimizer step 254: lr = 0.00004566, grad_norm = 2.015625
2026-05-06 03:47:00 - __main__ - INFO -   Optimizer step 255: lr = 0.00004561, grad_norm = 1.710938
2026-05-06 03:47:00 - __main__ - INFO -   Batch 1020: loss = 0.2682
2026-05-06 03:47:02 - __main__ - INFO -   Optimizer step 256: lr = 0.00004556, grad_norm = 2.109375
2026-05-06 03:47:03 - __main__ - INFO -   Batch 1025: loss = 0.1770
2026-05-06 03:47:04 - __main__ - INFO -   Optimizer step 257: lr = 0.00004551, grad_norm = 2.046875
2026-05-06 03:47:05 - __main__ - INFO -   Batch 1030: loss = 0.2956
2026-05-06 03:47:06 - __main__ - INFO -   Optimizer step 258: lr = 0.00004545, grad_norm = 1.710938
2026-05-06 03:47:07 - __main__ - INFO -   Batch 1035: loss = 0.2584
2026-05-06 03:47:08 - __main__ - INFO -   Optimizer step 259: lr = 0.00004540, grad_norm = 2.015625
2026-05-06 03:47:10 - __main__ - INFO -   Optimizer step 260: lr = 0.00004534, grad_norm = 1.781250
2026-05-06 03:47:10 - __main__ - INFO -   Batch 1040: loss = 0.2259
2026-05-06 03:47:11 - __main__ - INFO -   Optimizer step 261: lr = 0.00004529, grad_norm = 2.171875
2026-05-06 03:47:12 - __main__ - INFO -   Batch 1045: loss = 0.5580
2026-05-06 03:47:13 - __main__ - INFO -   Optimizer step 262: lr = 0.00004524, grad_norm = 2.625000
2026-05-06 03:47:14 - __main__ - INFO -   Batch 1050: loss = 0.1910
2026-05-06 03:47:15 - __main__ - INFO -   Optimizer step 263: lr = 0.00004518, grad_norm = 2.000000
2026-05-06 03:47:16 - __main__ - INFO -   Batch 1055: loss = 0.1547
2026-05-06 03:47:17 - __main__ - INFO -   Optimizer step 264: lr = 0.00004513, grad_norm = 1.625000
2026-05-06 03:47:19 - __main__ - INFO -   Optimizer step 265: lr = 0.00004507, grad_norm = 1.984375
2026-05-06 03:47:19 - __main__ - INFO -   Batch 1060: loss = 0.6341
2026-05-06 03:47:21 - __main__ - INFO -   Optimizer step 266: lr = 0.00004502, grad_norm = 1.726562
2026-05-06 03:47:21 - __main__ - INFO -   Batch 1065: loss = 0.3469
2026-05-06 03:47:22 - __main__ - INFO -   Optimizer step 267: lr = 0.00004496, grad_norm = 2.156250
2026-05-06 03:47:23 - __main__ - INFO -   Batch 1070: loss = 0.2002
2026-05-06 03:47:24 - __main__ - INFO -   Optimizer step 268: lr = 0.00004490, grad_norm = 2.156250
2026-05-06 03:47:25 - __main__ - INFO -   Batch 1075: loss = 0.2079
2026-05-06 03:47:26 - __main__ - INFO -   Optimizer step 269: lr = 0.00004485, grad_norm = 2.265625
2026-05-06 03:47:28 - __main__ - INFO -   Optimizer step 270: lr = 0.00004479, grad_norm = 1.601562
2026-05-06 03:47:28 - __main__ - INFO -   Batch 1080: loss = 0.1150
2026-05-06 03:47:30 - __main__ - INFO -   Optimizer step 271: lr = 0.00004473, grad_norm = 2.000000
2026-05-06 03:47:30 - __main__ - INFO -   Batch 1085: loss = 0.1903
2026-05-06 03:47:32 - __main__ - INFO -   Optimizer step 272: lr = 0.00004468, grad_norm = 2.109375
2026-05-06 03:47:32 - __main__ - INFO -   Batch 1090: loss = 0.1547
2026-05-06 03:47:33 - __main__ - INFO -   Optimizer step 273: lr = 0.00004462, grad_norm = 2.093750
2026-05-06 03:47:35 - __main__ - INFO -   Batch 1095: loss = 0.2289
2026-05-06 03:47:35 - __main__ - INFO -   Optimizer step 274: lr = 0.00004456, grad_norm = 1.679688
2026-05-06 03:47:37 - __main__ - INFO -   Optimizer step 275: lr = 0.00004450, grad_norm = 1.617188
2026-05-06 03:47:37 - __main__ - INFO -   Batch 1100: loss = 0.4739
2026-05-06 03:47:39 - __main__ - INFO -   Optimizer step 276: lr = 0.00004445, grad_norm = 1.835938
2026-05-06 03:47:39 - __main__ - INFO -   Batch 1105: loss = 0.4817
2026-05-06 03:47:41 - __main__ - INFO -   Optimizer step 277: lr = 0.00004439, grad_norm = 1.664062
2026-05-06 03:47:42 - __main__ - INFO -   Batch 1110: loss = 0.3044
2026-05-06 03:47:43 - __main__ - INFO -   Optimizer step 278: lr = 0.00004433, grad_norm = 1.585938
2026-05-06 03:47:44 - __main__ - INFO -   Batch 1115: loss = 0.3208
2026-05-06 03:47:44 - __main__ - INFO -   Optimizer step 279: lr = 0.00004427, grad_norm = 1.867188
2026-05-06 03:47:46 - __main__ - INFO -   Optimizer step 280: lr = 0.00004421, grad_norm = 1.781250
2026-05-06 03:47:46 - __main__ - INFO -   Batch 1120: loss = 0.2357
2026-05-06 03:47:48 - __main__ - INFO -   Optimizer step 281: lr = 0.00004415, grad_norm = 1.851562
2026-05-06 03:47:49 - __main__ - INFO -   Batch 1125: loss = 0.4916
2026-05-06 03:47:50 - __main__ - INFO -   Optimizer step 282: lr = 0.00004409, grad_norm = 2.203125
2026-05-06 03:47:51 - __main__ - INFO -   Batch 1130: loss = 0.2435
2026-05-06 03:47:52 - __main__ - INFO -   Optimizer step 283: lr = 0.00004403, grad_norm = 1.804688
2026-05-06 03:47:53 - __main__ - INFO -   Batch 1135: loss = 0.2108
2026-05-06 03:47:54 - __main__ - INFO -   Optimizer step 284: lr = 0.00004397, grad_norm = 2.015625
2026-05-06 03:47:55 - __main__ - INFO -   Optimizer step 285: lr = 0.00004391, grad_norm = 2.015625
2026-05-06 03:47:55 - __main__ - INFO -   Batch 1140: loss = 0.4903
2026-05-06 03:47:57 - __main__ - INFO -   Optimizer step 286: lr = 0.00004385, grad_norm = 1.773438
2026-05-06 03:47:58 - __main__ - INFO -   Batch 1145: loss = 0.4107
2026-05-06 03:47:59 - __main__ - INFO -   Optimizer step 287: lr = 0.00004379, grad_norm = 2.031250
2026-05-06 03:48:00 - __main__ - INFO -   Batch 1150: loss = 0.1995
2026-05-06 03:48:01 - __main__ - INFO -   Optimizer step 288: lr = 0.00004373, grad_norm = 1.796875
2026-05-06 03:48:02 - __main__ - INFO -   Batch 1155: loss = 0.4218
2026-05-06 03:48:03 - __main__ - INFO -   Optimizer step 289: lr = 0.00004367, grad_norm = 1.921875
2026-05-06 03:48:05 - __main__ - INFO -   Optimizer step 290: lr = 0.00004360, grad_norm = 2.250000
2026-05-06 03:48:05 - __main__ - INFO -   Batch 1160: loss = 0.2706
2026-05-06 03:48:06 - __main__ - INFO -   Optimizer step 291: lr = 0.00004354, grad_norm = 2.406250
2026-05-06 03:48:07 - __main__ - INFO -   Batch 1165: loss = 0.2811
2026-05-06 03:48:08 - __main__ - INFO -   Optimizer step 292: lr = 0.00004348, grad_norm = 1.906250
2026-05-06 03:48:09 - __main__ - INFO -   Batch 1170: loss = 0.1560
2026-05-06 03:48:10 - __main__ - INFO -   Optimizer step 293: lr = 0.00004342, grad_norm = 1.867188
2026-05-06 03:48:11 - __main__ - INFO -   Batch 1175: loss = 0.1436
2026-05-06 03:48:12 - __main__ - INFO -   Optimizer step 294: lr = 0.00004335, grad_norm = 1.906250
2026-05-06 03:48:14 - __main__ - INFO -   Optimizer step 295: lr = 0.00004329, grad_norm = 2.562500
2026-05-06 03:48:14 - __main__ - INFO -   Batch 1180: loss = 0.3344
2026-05-06 03:48:16 - __main__ - INFO -   Optimizer step 296: lr = 0.00004323, grad_norm = 2.078125
2026-05-06 03:48:16 - __main__ - INFO -   Batch 1185: loss = 0.3645
2026-05-06 03:48:17 - __main__ - INFO -   Optimizer step 297: lr = 0.00004316, grad_norm = 1.484375
2026-05-06 03:48:18 - __main__ - INFO -   Batch 1190: loss = 0.2578
2026-05-06 03:48:19 - __main__ - INFO -   Optimizer step 298: lr = 0.00004310, grad_norm = 2.312500
2026-05-06 03:48:21 - __main__ - INFO -   Batch 1195: loss = 0.4250
2026-05-06 03:48:21 - __main__ - INFO -   Optimizer step 299: lr = 0.00004304, grad_norm = 1.835938
2026-05-06 03:48:23 - __main__ - INFO -   Optimizer step 300: lr = 0.00004297, grad_norm = 1.859375
2026-05-06 03:48:23 - __main__ - INFO -   Batch 1200: loss = 0.1407
2026-05-06 03:48:25 - __main__ - INFO -   Optimizer step 301: lr = 0.00004291, grad_norm = 2.015625
2026-05-06 03:48:25 - __main__ - INFO -   Batch 1205: loss = 0.3442
2026-05-06 03:48:27 - __main__ - INFO -   Optimizer step 302: lr = 0.00004284, grad_norm = 1.789062
2026-05-06 03:48:27 - __main__ - INFO -   Batch 1210: loss = 0.5057
2026-05-06 03:48:28 - __main__ - INFO -   Optimizer step 303: lr = 0.00004278, grad_norm = 1.968750
2026-05-06 03:48:30 - __main__ - INFO -   Batch 1215: loss = 0.7158
2026-05-06 03:48:30 - __main__ - INFO -   Optimizer step 304: lr = 0.00004271, grad_norm = 1.789062
2026-05-06 03:48:32 - __main__ - INFO -   Optimizer step 305: lr = 0.00004264, grad_norm = 1.867188
2026-05-06 03:48:32 - __main__ - INFO -   Batch 1220: loss = 0.8342
2026-05-06 03:48:34 - __main__ - INFO -   Optimizer step 306: lr = 0.00004258, grad_norm = 1.765625
2026-05-06 03:48:34 - __main__ - INFO -   Batch 1225: loss = 0.2047
2026-05-06 03:48:36 - __main__ - INFO -   Optimizer step 307: lr = 0.00004251, grad_norm = 1.687500
2026-05-06 03:48:37 - __main__ - INFO -   Batch 1230: loss = 0.4334
2026-05-06 03:48:38 - __main__ - INFO -   Optimizer step 308: lr = 0.00004245, grad_norm = 2.015625
2026-05-06 03:48:39 - __main__ - INFO -   Batch 1235: loss = 0.2265
2026-05-06 03:48:39 - __main__ - INFO -   Optimizer step 309: lr = 0.00004238, grad_norm = 2.109375
2026-05-06 03:48:41 - __main__ - INFO -   Optimizer step 310: lr = 0.00004231, grad_norm = 1.539062
2026-05-06 03:48:41 - __main__ - INFO -   Batch 1240: loss = 0.1421
2026-05-06 03:48:43 - __main__ - INFO -   Optimizer step 311: lr = 0.00004225, grad_norm = 2.078125
2026-05-06 03:48:44 - __main__ - INFO -   Batch 1245: loss = 0.1593
2026-05-06 03:48:45 - __main__ - INFO -   Optimizer step 312: lr = 0.00004218, grad_norm = 1.796875
2026-05-06 03:48:45 - __main__ - INFO -   Optimizer step 313: lr = 0.00004211, grad_norm = 1.515625
2026-05-06 03:48:45 - __main__ - INFO - Epoch 1 completed - Epoch Loss: 0.5287
2026-05-06 03:48:45 - __main__ - INFO - 
Epoch 2/3
2026-05-06 03:48:45 - __main__ - INFO - 
[First Batch Info]
2026-05-06 03:48:45 - __main__ - INFO -   Batch size: 4
2026-05-06 03:48:45 - __main__ - INFO -   Sequence length: 1024
2026-05-06 03:48:45 - __main__ - INFO -   Device: cuda:0
2026-05-06 03:48:45 - __main__ - INFO -   Valid labels (response-only): 118/4096
2026-05-06 03:48:46 - __main__ - INFO - 
[Gradient Check - Batch 0]
2026-05-06 03:48:46 - __main__ - INFO -   Parameters with non-zero gradients: 199
2026-05-06 03:48:46 - __main__ - INFO -   Parameters with zero gradients: 0
2026-05-06 03:48:46 - __main__ - INFO -   Max gradient magnitude: 0.029663
2026-05-06 03:48:46 - __main__ - INFO -   Batch 1: loss = 0.2333
2026-05-06 03:48:47 - __main__ - INFO -   Optimizer step 314: lr = 0.00004204, grad_norm = 1.640625
2026-05-06 03:48:48 - __main__ - INFO -   Batch 5: loss = 0.1860
2026-05-06 03:48:49 - __main__ - INFO -   Optimizer step 315: lr = 0.00004198, grad_norm = 1.718750
2026-05-06 03:48:50 - __main__ - INFO -   Batch 10: loss = 0.1662
2026-05-06 03:48:51 - __main__ - INFO -   Optimizer step 316: lr = 0.00004191, grad_norm = 1.742188
2026-05-06 03:48:52 - __main__ - INFO -   Batch 15: loss = 0.2809
2026-05-06 03:48:53 - __main__ - INFO -   Optimizer step 317: lr = 0.00004184, grad_norm = 1.734375
2026-05-06 03:48:55 - __main__ - INFO -   Optimizer step 318: lr = 0.00004177, grad_norm = 2.187500
2026-05-06 03:48:55 - __main__ - INFO -   Batch 20: loss = 0.6725
2026-05-06 03:48:56 - __main__ - INFO -   Optimizer step 319: lr = 0.00004170, grad_norm = 2.031250
2026-05-06 03:48:57 - __main__ - INFO -   Batch 25: loss = 0.2511
2026-05-06 03:48:58 - __main__ - INFO -   Optimizer step 320: lr = 0.00004163, grad_norm = 1.773438
2026-05-06 03:48:59 - __main__ - INFO -   Batch 30: loss = 0.1274
2026-05-06 03:49:00 - __main__ - INFO -   Optimizer step 321: lr = 0.00004156, grad_norm = 1.773438
2026-05-06 03:49:01 - __main__ - INFO -   Batch 35: loss = 0.2639
2026-05-06 03:49:02 - __main__ - INFO -   Optimizer step 322: lr = 0.00004149, grad_norm = 1.843750
2026-05-06 03:49:04 - __main__ - INFO -   Optimizer step 323: lr = 0.00004142, grad_norm = 1.523438
2026-05-06 03:49:04 - __main__ - INFO -   Batch 40: loss = 0.1161
2026-05-06 03:49:06 - __main__ - INFO -   Optimizer step 324: lr = 0.00004135, grad_norm = 2.046875
2026-05-06 03:49:06 - __main__ - INFO -   Batch 45: loss = 0.0696
2026-05-06 03:49:07 - __main__ - INFO -   Optimizer step 325: lr = 0.00004128, grad_norm = 1.945312
2026-05-06 03:49:08 - __main__ - INFO -   Batch 50: loss = 0.4975
2026-05-06 03:49:09 - __main__ - INFO -   Optimizer step 326: lr = 0.00004121, grad_norm = 1.937500
2026-05-06 03:49:11 - __main__ - INFO -   Batch 55: loss = 0.2185
2026-05-06 03:49:11 - __main__ - INFO -   Optimizer step 327: lr = 0.00004114, grad_norm = 1.585938
2026-05-06 03:49:13 - __main__ - INFO -   Optimizer step 328: lr = 0.00004107, grad_norm = 1.601562
2026-05-06 03:49:13 - __main__ - INFO -   Batch 60: loss = 0.1961
2026-05-06 03:49:15 - __main__ - INFO -   Optimizer step 329: lr = 0.00004100, grad_norm = 1.851562
2026-05-06 03:49:15 - __main__ - INFO -   Batch 65: loss = 0.3061
2026-05-06 03:49:17 - __main__ - INFO -   Optimizer step 330: lr = 0.00004093, grad_norm = 2.046875
2026-05-06 03:49:18 - __main__ - INFO -   Batch 70: loss = 0.4596
2026-05-06 03:49:18 - __main__ - INFO -   Optimizer step 331: lr = 0.00004086, grad_norm = 1.992188
2026-05-06 03:49:20 - __main__ - INFO -   Batch 75: loss = 0.3848
2026-05-06 03:49:20 - __main__ - INFO -   Optimizer step 332: lr = 0.00004078, grad_norm = 2.093750
2026-05-06 03:49:22 - __main__ - INFO -   Optimizer step 333: lr = 0.00004071, grad_norm = 1.851562
2026-05-06 03:49:22 - __main__ - INFO -   Batch 80: loss = 0.4241
2026-05-06 03:49:24 - __main__ - INFO -   Optimizer step 334: lr = 0.00004064, grad_norm = 1.648438
2026-05-06 03:49:24 - __main__ - INFO -   Batch 85: loss = 0.2648
2026-05-06 03:49:26 - __main__ - INFO -   Optimizer step 335: lr = 0.00004057, grad_norm = 1.804688
2026-05-06 03:49:27 - __main__ - INFO -   Batch 90: loss = 0.1359
2026-05-06 03:49:28 - __main__ - INFO -   Optimizer step 336: lr = 0.00004049, grad_norm = 1.750000
2026-05-06 03:49:29 - __main__ - INFO -   Batch 95: loss = 0.3538
2026-05-06 03:49:29 - __main__ - INFO -   Optimizer step 337: lr = 0.00004042, grad_norm = 2.453125
2026-05-06 03:49:31 - __main__ - INFO -   Optimizer step 338: lr = 0.00004035, grad_norm = 2.078125
2026-05-06 03:49:31 - __main__ - INFO -   Batch 100: loss = 0.4322
2026-05-06 03:49:33 - __main__ - INFO -   Optimizer step 339: lr = 0.00004027, grad_norm = 1.898438
2026-05-06 03:49:34 - __main__ - INFO -   Batch 105: loss = 0.2437
2026-05-06 03:49:35 - __main__ - INFO -   Optimizer step 340: lr = 0.00004020, grad_norm = 2.000000
2026-05-06 03:49:36 - __main__ - INFO -   Batch 110: loss = 0.3358
2026-05-06 03:49:37 - __main__ - INFO -   Optimizer step 341: lr = 0.00004013, grad_norm = 1.960938
2026-05-06 03:49:38 - __main__ - INFO -   Batch 115: loss = 0.2085
2026-05-06 03:49:39 - __main__ - INFO -   Optimizer step 342: lr = 0.00004005, grad_norm = 1.835938
2026-05-06 03:49:40 - __main__ - INFO -   Optimizer step 343: lr = 0.00003998, grad_norm = 1.687500
2026-05-06 03:49:41 - __main__ - INFO -   Batch 120: loss = 0.3201
2026-05-06 03:49:42 - __main__ - INFO -   Optimizer step 344: lr = 0.00003990, grad_norm = 2.046875
2026-05-06 03:49:43 - __main__ - INFO -   Batch 125: loss = 0.3684
2026-05-06 03:49:44 - __main__ - INFO -   Optimizer step 345: lr = 0.00003983, grad_norm = 1.882812
2026-05-06 03:49:45 - __main__ - INFO -   Batch 130: loss = 0.4763
2026-05-06 03:49:46 - __main__ - INFO -   Optimizer step 346: lr = 0.00003975, grad_norm = 2.125000
2026-05-06 03:49:47 - __main__ - INFO -   Batch 135: loss = 0.5399
2026-05-06 03:49:48 - __main__ - INFO -   Optimizer step 347: lr = 0.00003968, grad_norm = 1.656250
2026-05-06 03:49:50 - __main__ - INFO -   Optimizer step 348: lr = 0.00003960, grad_norm = 1.851562
2026-05-06 03:49:50 - __main__ - INFO -   Batch 140: loss = 0.1414
2026-05-06 03:49:51 - __main__ - INFO -   Optimizer step 349: lr = 0.00003953, grad_norm = 1.632812
2026-05-06 03:49:52 - __main__ - INFO -   Batch 145: loss = 0.1515
2026-05-06 03:49:53 - __main__ - INFO -   Optimizer step 350: lr = 0.00003945, grad_norm = 1.703125
2026-05-06 03:49:54 - __main__ - INFO -   Batch 150: loss = 0.4569
2026-05-06 03:49:55 - __main__ - INFO -   Optimizer step 351: lr = 0.00003938, grad_norm = 1.789062
2026-05-06 03:49:56 - __main__ - INFO -   Batch 155: loss = 0.1635
2026-05-06 03:49:57 - __main__ - INFO -   Optimizer step 352: lr = 0.00003930, grad_norm = 1.695312
2026-05-06 03:49:59 - __main__ - INFO -   Optimizer step 353: lr = 0.00003923, grad_norm = 1.710938
2026-05-06 03:49:59 - __main__ - INFO -   Batch 160: loss = 0.4733
2026-05-06 03:50:01 - __main__ - INFO -   Optimizer step 354: lr = 0.00003915, grad_norm = 2.359375
2026-05-06 03:50:01 - __main__ - INFO -   Batch 165: loss = 0.4191
2026-05-06 03:50:03 - __main__ - INFO -   Optimizer step 355: lr = 0.00003907, grad_norm = 1.843750
2026-05-06 03:50:03 - __main__ - INFO -   Batch 170: loss = 0.4503
2026-05-06 03:50:04 - __main__ - INFO -   Optimizer step 356: lr = 0.00003900, grad_norm = 1.867188
2026-05-06 03:50:06 - __main__ - INFO -   Batch 175: loss = 0.2296
2026-05-06 03:50:06 - __main__ - INFO -   Optimizer step 357: lr = 0.00003892, grad_norm = 2.031250
2026-05-06 03:50:08 - __main__ - INFO -   Optimizer step 358: lr = 0.00003884, grad_norm = 1.804688
2026-05-06 03:50:08 - __main__ - INFO -   Batch 180: loss = 0.3558
2026-05-06 03:50:10 - __main__ - INFO -   Optimizer step 359: lr = 0.00003876, grad_norm = 1.867188
2026-05-06 03:50:10 - __main__ - INFO -   Batch 185: loss = 0.2251
2026-05-06 03:50:12 - __main__ - INFO -   Optimizer step 360: lr = 0.00003869, grad_norm = 1.703125
2026-05-06 03:50:13 - __main__ - INFO -   Batch 190: loss = 0.4938
2026-05-06 03:50:14 - __main__ - INFO -   Optimizer step 361: lr = 0.00003861, grad_norm = 2.406250
2026-05-06 03:50:15 - __main__ - INFO -   Batch 195: loss = 0.1987
2026-05-06 03:50:15 - __main__ - INFO -   Optimizer step 362: lr = 0.00003853, grad_norm = 1.781250
2026-05-06 03:50:17 - __main__ - INFO -   Optimizer step 363: lr = 0.00003845, grad_norm = 1.531250
2026-05-06 03:50:17 - __main__ - INFO -   Batch 200: loss = 0.4947
2026-05-06 03:50:19 - __main__ - INFO -   Optimizer step 364: lr = 0.00003837, grad_norm = 1.671875
2026-05-06 03:50:20 - __main__ - INFO -   Batch 205: loss = 0.2656
2026-05-06 03:50:21 - __main__ - INFO -   Optimizer step 365: lr = 0.00003830, grad_norm = 2.125000
2026-05-06 03:50:22 - __main__ - INFO -   Batch 210: loss = 0.3418
2026-05-06 03:50:23 - __main__ - INFO -   Optimizer step 366: lr = 0.00003822, grad_norm = 1.546875
2026-05-06 03:50:24 - __main__ - INFO -   Batch 215: loss = 0.5799
2026-05-06 03:50:25 - __main__ - INFO -   Optimizer step 367: lr = 0.00003814, grad_norm = 1.882812
2026-05-06 03:50:26 - __main__ - INFO -   Optimizer step 368: lr = 0.00003806, grad_norm = 1.757812
2026-05-06 03:50:26 - __main__ - INFO -   Batch 220: loss = 0.5354
2026-05-06 03:50:28 - __main__ - INFO -   Optimizer step 369: lr = 0.00003798, grad_norm = 1.976562
2026-05-06 03:50:29 - __main__ - INFO -   Batch 225: loss = 0.2891
2026-05-06 03:50:30 - __main__ - INFO -   Optimizer step 370: lr = 0.00003790, grad_norm = 1.828125
2026-05-06 03:50:31 - __main__ - INFO -   Batch 230: loss = 0.2710
2026-05-06 03:50:32 - __main__ - INFO -   Optimizer step 371: lr = 0.00003782, grad_norm = 1.445312
2026-05-06 03:50:33 - __main__ - INFO -   Batch 235: loss = 0.0851
2026-05-06 03:50:34 - __main__ - INFO -   Optimizer step 372: lr = 0.00003774, grad_norm = 1.578125
2026-05-06 03:50:36 - __main__ - INFO -   Optimizer step 373: lr = 0.00003766, grad_norm = 1.968750
2026-05-06 03:50:36 - __main__ - INFO -   Batch 240: loss = 0.2353
2026-05-06 03:50:37 - __main__ - INFO -   Optimizer step 374: lr = 0.00003758, grad_norm = 1.531250
2026-05-06 03:50:38 - __main__ - INFO -   Batch 245: loss = 0.2217
2026-05-06 03:50:39 - __main__ - INFO -   Optimizer step 375: lr = 0.00003750, grad_norm = 2.140625
2026-05-06 03:50:40 - __main__ - INFO -   Batch 250: loss = 0.4555
2026-05-06 03:50:41 - __main__ - INFO -   Optimizer step 376: lr = 0.00003742, grad_norm = 2.109375
2026-05-06 03:50:42 - __main__ - INFO -   Batch 255: loss = 0.3360
2026-05-06 03:50:43 - __main__ - INFO -   Optimizer step 377: lr = 0.00003734, grad_norm = 1.960938
2026-05-06 03:50:45 - __main__ - INFO -   Optimizer step 378: lr = 0.00003726, grad_norm = 2.109375
2026-05-06 03:50:45 - __main__ - INFO -   Batch 260: loss = 0.4642
2026-05-06 03:50:47 - __main__ - INFO -   Optimizer step 379: lr = 0.00003718, grad_norm = 2.015625
2026-05-06 03:50:47 - __main__ - INFO -   Batch 265: loss = 0.4418
2026-05-06 03:50:48 - __main__ - INFO -   Optimizer step 380: lr = 0.00003710, grad_norm = 1.828125
2026-05-06 03:50:49 - __main__ - INFO -   Batch 270: loss = 0.2064
2026-05-06 03:50:50 - __main__ - INFO -   Optimizer step 381: lr = 0.00003701, grad_norm = 1.656250
2026-05-06 03:50:52 - __main__ - INFO -   Batch 275: loss = 0.4228
2026-05-06 03:50:52 - __main__ - INFO -   Optimizer step 382: lr = 0.00003693, grad_norm = 1.953125
2026-05-06 03:50:54 - __main__ - INFO -   Optimizer step 383: lr = 0.00003685, grad_norm = 2.015625
2026-05-06 03:50:54 - __main__ - INFO -   Batch 280: loss = 0.4234
2026-05-06 03:50:56 - __main__ - INFO -   Optimizer step 384: lr = 0.00003677, grad_norm = 1.867188
2026-05-06 03:50:56 - __main__ - INFO -   Batch 285: loss = 0.3301
2026-05-06 03:50:58 - __main__ - INFO -   Optimizer step 385: lr = 0.00003669, grad_norm = 2.093750
2026-05-06 03:50:58 - __main__ - INFO -   Batch 290: loss = 0.1372
2026-05-06 03:50:59 - __main__ - INFO -   Optimizer step 386: lr = 0.00003661, grad_norm = 1.835938
2026-05-06 03:51:01 - __main__ - INFO -   Batch 295: loss = 0.1794
2026-05-06 03:51:01 - __main__ - INFO -   Optimizer step 387: lr = 0.00003652, grad_norm = 2.171875
2026-05-06 03:51:03 - __main__ - INFO -   Optimizer step 388: lr = 0.00003644, grad_norm = 1.851562
2026-05-06 03:51:03 - __main__ - INFO -   Batch 300: loss = 0.2423
2026-05-06 03:51:05 - __main__ - INFO -   Optimizer step 389: lr = 0.00003636, grad_norm = 1.734375
2026-05-06 03:51:05 - __main__ - INFO -   Batch 305: loss = 0.1160
2026-05-06 03:51:07 - __main__ - INFO -   Optimizer step 390: lr = 0.00003628, grad_norm = 1.781250
2026-05-06 03:51:08 - __main__ - INFO -   Batch 310: loss = 0.1840
2026-05-06 03:51:09 - __main__ - INFO -   Optimizer step 391: lr = 0.00003619, grad_norm = 1.929688
2026-05-06 03:51:10 - __main__ - INFO -   Batch 315: loss = 0.0759
2026-05-06 03:51:10 - __main__ - INFO -   Optimizer step 392: lr = 0.00003611, grad_norm = 1.703125
2026-05-06 03:51:12 - __main__ - INFO -   Optimizer step 393: lr = 0.00003603, grad_norm = 1.921875
2026-05-06 03:51:12 - __main__ - INFO -   Batch 320: loss = 0.3296
2026-05-06 03:51:14 - __main__ - INFO -   Optimizer step 394: lr = 0.00003594, grad_norm = 1.789062
2026-05-06 03:51:15 - __main__ - INFO -   Batch 325: loss = 0.2928
2026-05-06 03:51:16 - __main__ - INFO -   Optimizer step 395: lr = 0.00003586, grad_norm = 2.078125
2026-05-06 03:51:17 - __main__ - INFO -   Batch 330: loss = 0.0914
2026-05-06 03:51:18 - __main__ - INFO -   Optimizer step 396: lr = 0.00003578, grad_norm = 1.898438
2026-05-06 03:51:19 - __main__ - INFO -   Batch 335: loss = 0.2405
2026-05-06 03:51:20 - __main__ - INFO -   Optimizer step 397: lr = 0.00003569, grad_norm = 1.734375
2026-05-06 03:51:21 - __main__ - INFO -   Optimizer step 398: lr = 0.00003561, grad_norm = 2.062500
2026-05-06 03:51:21 - __main__ - INFO -   Batch 340: loss = 0.3533
2026-05-06 03:51:23 - __main__ - INFO -   Optimizer step 399: lr = 0.00003552, grad_norm = 2.203125
2026-05-06 03:51:24 - __main__ - INFO -   Batch 345: loss = 0.2872
2026-05-06 03:51:25 - __main__ - INFO -   Optimizer step 400: lr = 0.00003544, grad_norm = 2.312500
2026-05-06 03:51:26 - __main__ - INFO -   Batch 350: loss = 0.3413
2026-05-06 03:51:27 - __main__ - INFO -   Optimizer step 401: lr = 0.00003535, grad_norm = 2.093750
2026-05-06 03:51:28 - __main__ - INFO -   Batch 355: loss = 0.2808
2026-05-06 03:51:29 - __main__ - INFO -   Optimizer step 402: lr = 0.00003527, grad_norm = 1.960938
2026-05-06 03:51:31 - __main__ - INFO -   Optimizer step 403: lr = 0.00003519, grad_norm = 1.773438
2026-05-06 03:51:31 - __main__ - INFO -   Batch 360: loss = 0.2699
2026-05-06 03:51:32 - __main__ - INFO -   Optimizer step 404: lr = 0.00003510, grad_norm = 1.328125
2026-05-06 03:51:33 - __main__ - INFO -   Batch 365: loss = 0.1635
2026-05-06 03:51:34 - __main__ - INFO -   Optimizer step 405: lr = 0.00003502, grad_norm = 1.656250
2026-05-06 03:51:35 - __main__ - INFO -   Batch 370: loss = 0.3931
2026-05-06 03:51:36 - __main__ - INFO -   Optimizer step 406: lr = 0.00003493, grad_norm = 1.828125
2026-05-06 03:51:37 - __main__ - INFO -   Batch 375: loss = 0.4157
2026-05-06 03:51:38 - __main__ - INFO -   Optimizer step 407: lr = 0.00003485, grad_norm = 1.968750
2026-05-06 03:51:40 - __main__ - INFO -   Optimizer step 408: lr = 0.00003476, grad_norm = 2.296875
2026-05-06 03:51:40 - __main__ - INFO -   Batch 380: loss = 0.1529
2026-05-06 03:51:42 - __main__ - INFO -   Optimizer step 409: lr = 0.00003467, grad_norm = 2.109375
2026-05-06 03:51:42 - __main__ - INFO -   Batch 385: loss = 0.0615
2026-05-06 03:51:43 - __main__ - INFO -   Optimizer step 410: lr = 0.00003459, grad_norm = 1.851562
2026-05-06 03:51:44 - __main__ - INFO -   Batch 390: loss = 0.5549
2026-05-06 03:51:45 - __main__ - INFO -   Optimizer step 411: lr = 0.00003450, grad_norm = 2.390625
2026-05-06 03:51:47 - __main__ - INFO -   Batch 395: loss = 0.5572
2026-05-06 03:51:47 - __main__ - INFO -   Optimizer step 412: lr = 0.00003442, grad_norm = 1.851562
2026-05-06 03:51:49 - __main__ - INFO -   Optimizer step 413: lr = 0.00003433, grad_norm = 1.968750
2026-05-06 03:51:49 - __main__ - INFO -   Batch 400: loss = 0.2133
2026-05-06 03:51:51 - __main__ - INFO -   Optimizer step 414: lr = 0.00003424, grad_norm = 2.203125
2026-05-06 03:51:51 - __main__ - INFO -   Batch 405: loss = 0.1954
2026-05-06 03:51:53 - __main__ - INFO -   Optimizer step 415: lr = 0.00003416, grad_norm = 2.156250
2026-05-06 03:51:54 - __main__ - INFO -   Batch 410: loss = 0.1466
2026-05-06 03:51:54 - __main__ - INFO -   Optimizer step 416: lr = 0.00003407, grad_norm = 2.156250
2026-05-06 03:51:56 - __main__ - INFO -   Batch 415: loss = 0.5106
2026-05-06 03:51:56 - __main__ - INFO -   Optimizer step 417: lr = 0.00003399, grad_norm = 1.867188
2026-05-06 03:51:58 - __main__ - INFO -   Optimizer step 418: lr = 0.00003390, grad_norm = 1.882812
2026-05-06 03:51:58 - __main__ - INFO -   Batch 420: loss = 0.1864
2026-05-06 03:52:00 - __main__ - INFO -   Optimizer step 419: lr = 0.00003381, grad_norm = 2.031250
2026-05-06 03:52:00 - __main__ - INFO -   Batch 425: loss = 0.2083
2026-05-06 03:52:02 - __main__ - INFO -   Optimizer step 420: lr = 0.00003372, grad_norm = 1.773438
2026-05-06 03:52:03 - __main__ - INFO -   Batch 430: loss = 0.3294
2026-05-06 03:52:04 - __main__ - INFO -   Optimizer step 421: lr = 0.00003364, grad_norm = 1.773438
2026-05-06 03:52:05 - __main__ - INFO -   Batch 435: loss = 0.2515
2026-05-06 03:52:05 - __main__ - INFO -   Optimizer step 422: lr = 0.00003355, grad_norm = 1.929688
2026-05-06 03:52:07 - __main__ - INFO -   Optimizer step 423: lr = 0.00003346, grad_norm = 1.781250
2026-05-06 03:52:07 - __main__ - INFO -   Batch 440: loss = 0.1850
2026-05-06 03:52:09 - __main__ - INFO -   Optimizer step 424: lr = 0.00003338, grad_norm = 2.453125
2026-05-06 03:52:10 - __main__ - INFO -   Batch 445: loss = 0.1006
2026-05-06 03:52:11 - __main__ - INFO -   Optimizer step 425: lr = 0.00003329, grad_norm = 1.742188
2026-05-06 03:52:12 - __main__ - INFO -   Batch 450: loss = 0.1403
2026-05-06 03:52:13 - __main__ - INFO -   Optimizer step 426: lr = 0.00003320, grad_norm = 1.898438
2026-05-06 03:52:14 - __main__ - INFO -   Batch 455: loss = 0.2687
2026-05-06 03:52:15 - __main__ - INFO -   Optimizer step 427: lr = 0.00003311, grad_norm = 1.804688
2026-05-06 03:52:16 - __main__ - INFO -   Optimizer step 428: lr = 0.00003302, grad_norm = 1.984375
2026-05-06 03:52:17 - __main__ - INFO -   Batch 460: loss = 0.4439
2026-05-06 03:52:18 - __main__ - INFO -   Optimizer step 429: lr = 0.00003294, grad_norm = 1.515625
2026-05-06 03:52:19 - __main__ - INFO -   Batch 465: loss = 0.2605
2026-05-06 03:52:20 - __main__ - INFO -   Optimizer step 430: lr = 0.00003285, grad_norm = 1.875000
2026-05-06 03:52:21 - __main__ - INFO -   Batch 470: loss = 0.3016
2026-05-06 03:52:22 - __main__ - INFO -   Optimizer step 431: lr = 0.00003276, grad_norm = 1.726562
2026-05-06 03:52:23 - __main__ - INFO -   Batch 475: loss = 0.1409
2026-05-06 03:52:24 - __main__ - INFO -   Optimizer step 432: lr = 0.00003267, grad_norm = 1.789062
2026-05-06 03:52:26 - __main__ - INFO -   Optimizer step 433: lr = 0.00003258, grad_norm = 2.093750
2026-05-06 03:52:26 - __main__ - INFO -   Batch 480: loss = 0.4875
2026-05-06 03:52:28 - __main__ - INFO -   Optimizer step 434: lr = 0.00003250, grad_norm = 2.078125
2026-05-06 03:52:28 - __main__ - INFO -   Batch 485: loss = 0.5197
2026-05-06 03:52:29 - __main__ - INFO -   Optimizer step 435: lr = 0.00003241, grad_norm = 1.734375
2026-05-06 03:52:30 - __main__ - INFO -   Batch 490: loss = 0.3928
2026-05-06 03:52:31 - __main__ - INFO -   Optimizer step 436: lr = 0.00003232, grad_norm = 2.375000
2026-05-06 03:52:32 - __main__ - INFO -   Batch 495: loss = 0.3351
2026-05-06 03:52:33 - __main__ - INFO -   Optimizer step 437: lr = 0.00003223, grad_norm = 2.296875
2026-05-06 03:52:35 - __main__ - INFO -   Optimizer step 438: lr = 0.00003214, grad_norm = 1.812500
2026-05-06 03:52:35 - __main__ - INFO -   Batch 500: loss = 0.3787
2026-05-06 03:52:37 - __main__ - INFO -   Optimizer step 439: lr = 0.00003205, grad_norm = 2.218750
2026-05-06 03:52:37 - __main__ - INFO -   Batch 505: loss = 0.2016
2026-05-06 03:52:39 - __main__ - INFO -   Optimizer step 440: lr = 0.00003196, grad_norm = 1.835938
2026-05-06 03:52:39 - __main__ - INFO -   Batch 510: loss = 0.1701
2026-05-06 03:52:40 - __main__ - INFO -   Optimizer step 441: lr = 0.00003187, grad_norm = 1.882812
2026-05-06 03:52:42 - __main__ - INFO -   Batch 515: loss = 0.2786
2026-05-06 03:52:42 - __main__ - INFO -   Optimizer step 442: lr = 0.00003178, grad_norm = 1.898438
2026-05-06 03:52:44 - __main__ - INFO -   Optimizer step 443: lr = 0.00003169, grad_norm = 2.203125
2026-05-06 03:52:44 - __main__ - INFO -   Batch 520: loss = 0.1002
2026-05-06 03:52:46 - __main__ - INFO -   Optimizer step 444: lr = 0.00003160, grad_norm = 1.562500
2026-05-06 03:52:46 - __main__ - INFO -   Batch 525: loss = 0.1789
2026-05-06 03:52:48 - __main__ - INFO -   Optimizer step 445: lr = 0.00003152, grad_norm = 1.617188
2026-05-06 03:52:49 - __main__ - INFO -   Batch 530: loss = 0.4584
2026-05-06 03:52:50 - __main__ - INFO -   Optimizer step 446: lr = 0.00003143, grad_norm = 1.429688
2026-05-06 03:52:51 - __main__ - INFO -   Batch 535: loss = 0.3114
2026-05-06 03:52:51 - __main__ - INFO -   Optimizer step 447: lr = 0.00003134, grad_norm = 1.882812
2026-05-06 03:52:53 - __main__ - INFO -   Optimizer step 448: lr = 0.00003125, grad_norm = 2.484375
2026-05-06 03:52:53 - __main__ - INFO -   Batch 540: loss = 0.3218
2026-05-06 03:52:55 - __main__ - INFO -   Optimizer step 449: lr = 0.00003116, grad_norm = 1.679688
2026-05-06 03:52:55 - __main__ - INFO -   Batch 545: loss = 0.2318
2026-05-06 03:52:57 - __main__ - INFO -   Optimizer step 450: lr = 0.00003107, grad_norm = 2.468750
2026-05-06 03:52:58 - __main__ - INFO -   Batch 550: loss = 0.1552
2026-05-06 03:52:59 - __main__ - INFO -   Optimizer step 451: lr = 0.00003098, grad_norm = 1.515625
2026-05-06 03:53:00 - __main__ - INFO -   Batch 555: loss = 0.1812
2026-05-06 03:53:01 - __main__ - INFO -   Optimizer step 452: lr = 0.00003089, grad_norm = 1.765625
2026-05-06 03:53:02 - __main__ - INFO -   Optimizer step 453: lr = 0.00003080, grad_norm = 1.789062
2026-05-06 03:53:02 - __main__ - INFO -   Batch 560: loss = 0.2360
2026-05-06 03:53:04 - __main__ - INFO -   Optimizer step 454: lr = 0.00003071, grad_norm = 1.679688
2026-05-06 03:53:05 - __main__ - INFO -   Batch 565: loss = 0.2384
2026-05-06 03:53:06 - __main__ - INFO -   Optimizer step 455: lr = 0.00003061, grad_norm = 1.968750
2026-05-06 03:53:07 - __main__ - INFO -   Batch 570: loss = 0.1312
2026-05-06 03:53:08 - __main__ - INFO -   Optimizer step 456: lr = 0.00003052, grad_norm = 1.492188
2026-05-06 03:53:09 - __main__ - INFO -   Batch 575: loss = 0.6639
2026-05-06 03:53:10 - __main__ - INFO -   Optimizer step 457: lr = 0.00003043, grad_norm = 2.312500
2026-05-06 03:53:12 - __main__ - INFO -   Optimizer step 458: lr = 0.00003034, grad_norm = 2.500000
2026-05-06 03:53:12 - __main__ - INFO -   Batch 580: loss = 0.1834
2026-05-06 03:53:13 - __main__ - INFO -   Optimizer step 459: lr = 0.00003025, grad_norm = 2.375000
2026-05-06 03:53:14 - __main__ - INFO -   Batch 585: loss = 0.4716
2026-05-06 03:53:15 - __main__ - INFO -   Optimizer step 460: lr = 0.00003016, grad_norm = 1.898438
2026-05-06 03:53:16 - __main__ - INFO -   Batch 590: loss = 0.2900
2026-05-06 03:53:17 - __main__ - INFO -   Optimizer step 461: lr = 0.00003007, grad_norm = 2.015625
2026-05-06 03:53:18 - __main__ - INFO -   Batch 595: loss = 0.2297
2026-05-06 03:53:19 - __main__ - INFO -   Optimizer step 462: lr = 0.00002998, grad_norm = 3.031250
2026-05-06 03:53:21 - __main__ - INFO -   Optimizer step 463: lr = 0.00002989, grad_norm = 2.000000
2026-05-06 03:53:21 - __main__ - INFO -   Batch 600: loss = 0.3224
2026-05-06 03:53:23 - __main__ - INFO -   Optimizer step 464: lr = 0.00002980, grad_norm = 1.656250
2026-05-06 03:53:23 - __main__ - INFO -   Batch 605: loss = 0.5768
2026-05-06 03:53:24 - __main__ - INFO -   Optimizer step 465: lr = 0.00002971, grad_norm = 2.171875
2026-05-06 03:53:25 - __main__ - INFO -   Batch 610: loss = 0.1934
2026-05-06 03:53:26 - __main__ - INFO -   Optimizer step 466: lr = 0.00002962, grad_norm = 1.851562
2026-05-06 03:53:28 - __main__ - INFO -   Batch 615: loss = 0.1912
2026-05-06 03:53:28 - __main__ - INFO -   Optimizer step 467: lr = 0.00002952, grad_norm = 2.000000
2026-05-06 03:53:30 - __main__ - INFO -   Optimizer step 468: lr = 0.00002943, grad_norm = 2.000000
2026-05-06 03:53:30 - __main__ - INFO -   Batch 620: loss = 0.5462
2026-05-06 03:53:32 - __main__ - INFO -   Optimizer step 469: lr = 0.00002934, grad_norm = 2.031250
2026-05-06 03:53:32 - __main__ - INFO -   Batch 625: loss = 0.0882
2026-05-06 03:53:34 - __main__ - INFO -   Optimizer step 470: lr = 0.00002925, grad_norm = 1.835938
2026-05-06 03:53:34 - __main__ - INFO -   Batch 630: loss = 0.2827
2026-05-06 03:53:35 - __main__ - INFO -   Optimizer step 471: lr = 0.00002916, grad_norm = 1.773438
2026-05-06 03:53:37 - __main__ - INFO -   Batch 635: loss = 0.4060
2026-05-06 03:53:37 - __main__ - INFO -   Optimizer step 472: lr = 0.00002907, grad_norm = 1.906250
2026-05-06 03:53:39 - __main__ - INFO -   Optimizer step 473: lr = 0.00002898, grad_norm = 1.703125
2026-05-06 03:53:39 - __main__ - INFO -   Batch 640: loss = 0.0971
2026-05-06 03:53:41 - __main__ - INFO -   Optimizer step 474: lr = 0.00002888, grad_norm = 1.914062
2026-05-06 03:53:41 - __main__ - INFO -   Batch 645: loss = 0.4073
2026-05-06 03:53:43 - __main__ - INFO -   Optimizer step 475: lr = 0.00002879, grad_norm = 2.281250
2026-05-06 03:53:44 - __main__ - INFO -   Batch 650: loss = 0.4046
2026-05-06 03:53:45 - __main__ - INFO -   Optimizer step 476: lr = 0.00002870, grad_norm = 2.265625
2026-05-06 03:53:46 - __main__ - INFO -   Batch 655: loss = 0.5700
2026-05-06 03:53:46 - __main__ - INFO -   Optimizer step 477: lr = 0.00002861, grad_norm = 2.234375
2026-05-06 03:53:48 - __main__ - INFO -   Optimizer step 478: lr = 0.00002852, grad_norm = 2.328125
2026-05-06 03:53:48 - __main__ - INFO -   Batch 660: loss = 0.1604
2026-05-06 03:53:50 - __main__ - INFO -   Optimizer step 479: lr = 0.00002842, grad_norm = 1.687500
2026-05-06 03:53:51 - __main__ - INFO -   Batch 665: loss = 0.3936
2026-05-06 03:53:52 - __main__ - INFO -   Optimizer step 480: lr = 0.00002833, grad_norm = 2.140625
2026-05-06 03:53:53 - __main__ - INFO -   Batch 670: loss = 0.2863
2026-05-06 03:53:54 - __main__ - INFO -   Optimizer step 481: lr = 0.00002824, grad_norm = 1.804688
2026-05-06 03:53:55 - __main__ - INFO -   Batch 675: loss = 0.1385
2026-05-06 03:53:56 - __main__ - INFO -   Optimizer step 482: lr = 0.00002815, grad_norm = 1.609375
2026-05-06 03:53:57 - __main__ - INFO -   Optimizer step 483: lr = 0.00002806, grad_norm = 2.109375
2026-05-06 03:53:57 - __main__ - INFO -   Batch 680: loss = 0.2803
2026-05-06 03:53:59 - __main__ - INFO -   Optimizer step 484: lr = 0.00002796, grad_norm = 2.015625
2026-05-06 03:54:00 - __main__ - INFO -   Batch 685: loss = 0.2753
2026-05-06 03:54:01 - __main__ - INFO -   Optimizer step 485: lr = 0.00002787, grad_norm = 1.921875
2026-05-06 03:54:02 - __main__ - INFO -   Batch 690: loss = 0.5562
2026-05-06 03:54:03 - __main__ - INFO -   Optimizer step 486: lr = 0.00002778, grad_norm = 1.664062
2026-05-06 03:54:04 - __main__ - INFO -   Batch 695: loss = 0.1796
2026-05-06 03:54:05 - __main__ - INFO -   Optimizer step 487: lr = 0.00002769, grad_norm = 1.796875
2026-05-06 03:54:07 - __main__ - INFO -   Optimizer step 488: lr = 0.00002759, grad_norm = 2.515625
2026-05-06 03:54:07 - __main__ - INFO -   Batch 700: loss = 0.2193
2026-05-06 03:54:08 - __main__ - INFO -   Optimizer step 489: lr = 0.00002750, grad_norm = 1.625000
2026-05-06 03:54:09 - __main__ - INFO -   Batch 705: loss = 0.3069
2026-05-06 03:54:10 - __main__ - INFO -   Optimizer step 490: lr = 0.00002741, grad_norm = 2.093750
2026-05-06 03:54:11 - __main__ - INFO -   Batch 710: loss = 0.2946
2026-05-06 03:54:12 - __main__ - INFO -   Optimizer step 491: lr = 0.00002732, grad_norm = 2.078125
2026-05-06 03:54:13 - __main__ - INFO -   Batch 715: loss = 0.1241
2026-05-06 03:54:14 - __main__ - INFO -   Optimizer step 492: lr = 0.00002723, grad_norm = 1.507812
2026-05-06 03:54:16 - __main__ - INFO -   Optimizer step 493: lr = 0.00002713, grad_norm = 2.171875
2026-05-06 03:54:16 - __main__ - INFO -   Batch 720: loss = 0.3356
2026-05-06 03:54:18 - __main__ - INFO -   Optimizer step 494: lr = 0.00002704, grad_norm = 1.796875
2026-05-06 03:54:18 - __main__ - INFO -   Batch 725: loss = 0.1386
2026-05-06 03:54:19 - __main__ - INFO -   Optimizer step 495: lr = 0.00002695, grad_norm = 1.546875
2026-05-06 03:54:20 - __main__ - INFO -   Batch 730: loss = 0.2896
2026-05-06 03:54:21 - __main__ - INFO -   Optimizer step 496: lr = 0.00002686, grad_norm = 2.078125
2026-05-06 03:54:23 - __main__ - INFO -   Batch 735: loss = 0.4804
2026-05-06 03:54:23 - __main__ - INFO -   Optimizer step 497: lr = 0.00002676, grad_norm = 1.921875
2026-05-06 03:54:25 - __main__ - INFO -   Optimizer step 498: lr = 0.00002667, grad_norm = 2.296875
2026-05-06 03:54:25 - __main__ - INFO -   Batch 740: loss = 0.3915
2026-05-06 03:54:27 - __main__ - INFO -   Optimizer step 499: lr = 0.00002658, grad_norm = 2.312500
2026-05-06 03:54:27 - __main__ - INFO -   Batch 745: loss = 0.1695
2026-05-06 03:54:29 - __main__ - INFO -   Optimizer step 500: lr = 0.00002648, grad_norm = 2.046875
2026-05-06 03:54:29 - __main__ - INFO -   Batch 750: loss = 0.4241
2026-05-06 03:54:30 - __main__ - INFO -   Optimizer step 501: lr = 0.00002639, grad_norm = 1.867188
2026-05-06 03:54:32 - __main__ - INFO -   Batch 755: loss = 0.3789
2026-05-06 03:54:32 - __main__ - INFO -   Optimizer step 502: lr = 0.00002630, grad_norm = 1.953125
2026-05-06 03:54:34 - __main__ - INFO -   Optimizer step 503: lr = 0.00002621, grad_norm = 2.546875
2026-05-06 03:54:34 - __main__ - INFO -   Batch 760: loss = 0.1408
2026-05-06 03:54:36 - __main__ - INFO -   Optimizer step 504: lr = 0.00002611, grad_norm = 2.109375
2026-05-06 03:54:36 - __main__ - INFO -   Batch 765: loss = 0.1323
2026-05-06 03:54:38 - __main__ - INFO -   Optimizer step 505: lr = 0.00002602, grad_norm = 1.828125
2026-05-06 03:54:39 - __main__ - INFO -   Batch 770: loss = 0.1959
2026-05-06 03:54:40 - __main__ - INFO -   Optimizer step 506: lr = 0.00002593, grad_norm = 2.140625
2026-05-06 03:54:41 - __main__ - INFO -   Batch 775: loss = 0.4713
2026-05-06 03:54:42 - __main__ - INFO -   Optimizer step 507: lr = 0.00002584, grad_norm = 2.390625
2026-05-06 03:54:43 - __main__ - INFO -   Optimizer step 508: lr = 0.00002574, grad_norm = 2.078125
2026-05-06 03:54:43 - __main__ - INFO -   Batch 780: loss = 0.4388
2026-05-06 03:54:45 - __main__ - INFO -   Optimizer step 509: lr = 0.00002565, grad_norm = 1.531250
2026-05-06 03:54:46 - __main__ - INFO -   Batch 785: loss = 0.1084
2026-05-06 03:54:47 - __main__ - INFO -   Optimizer step 510: lr = 0.00002556, grad_norm = 2.296875
2026-05-06 03:54:48 - __main__ - INFO -   Batch 790: loss = 0.2247
2026-05-06 03:54:49 - __main__ - INFO -   Optimizer step 511: lr = 0.00002546, grad_norm = 2.062500
2026-05-06 03:54:50 - __main__ - INFO -   Batch 795: loss = 0.6578
2026-05-06 03:54:51 - __main__ - INFO -   Optimizer step 512: lr = 0.00002537, grad_norm = 2.250000
2026-05-06 03:54:53 - __main__ - INFO -   Optimizer step 513: lr = 0.00002528, grad_norm = 2.125000
2026-05-06 03:54:53 - __main__ - INFO -   Batch 800: loss = 0.3217
2026-05-06 03:54:54 - __main__ - INFO -   Optimizer step 514: lr = 0.00002519, grad_norm = 1.578125
2026-05-06 03:54:55 - __main__ - INFO -   Batch 805: loss = 0.2228
2026-05-06 03:54:56 - __main__ - INFO -   Optimizer step 515: lr = 0.00002509, grad_norm = 1.664062
2026-05-06 03:54:57 - __main__ - INFO -   Batch 810: loss = 0.4784
2026-05-06 03:54:58 - __main__ - INFO -   Optimizer step 516: lr = 0.00002500, grad_norm = 1.906250
2026-05-06 03:54:59 - __main__ - INFO -   Batch 815: loss = 0.4042
2026-05-06 03:55:00 - __main__ - INFO -   Optimizer step 517: lr = 0.00002491, grad_norm = 1.718750
2026-05-06 03:55:02 - __main__ - INFO -   Optimizer step 518: lr = 0.00002481, grad_norm = 1.804688
2026-05-06 03:55:02 - __main__ - INFO -   Batch 820: loss = 0.2604
2026-05-06 03:55:04 - __main__ - INFO -   Optimizer step 519: lr = 0.00002472, grad_norm = 1.742188
2026-05-06 03:55:04 - __main__ - INFO -   Batch 825: loss = 0.2215
2026-05-06 03:55:05 - __main__ - INFO -   Optimizer step 520: lr = 0.00002463, grad_norm = 2.515625
2026-05-06 03:55:06 - __main__ - INFO -   Batch 830: loss = 0.2302
2026-05-06 03:55:07 - __main__ - INFO -   Optimizer step 521: lr = 0.00002454, grad_norm = 1.953125
2026-05-06 03:55:08 - __main__ - INFO -   Batch 835: loss = 0.2339
2026-05-06 03:55:09 - __main__ - INFO -   Optimizer step 522: lr = 0.00002444, grad_norm = 2.265625
2026-05-06 03:55:11 - __main__ - INFO -   Optimizer step 523: lr = 0.00002435, grad_norm = 2.578125
2026-05-06 03:55:11 - __main__ - INFO -   Batch 840: loss = 0.3376
2026-05-06 03:55:13 - __main__ - INFO -   Optimizer step 524: lr = 0.00002426, grad_norm = 1.648438
2026-05-06 03:55:13 - __main__ - INFO -   Batch 845: loss = 0.0879
2026-05-06 03:55:15 - __main__ - INFO -   Optimizer step 525: lr = 0.00002416, grad_norm = 1.906250
2026-05-06 03:55:15 - __main__ - INFO -   Batch 850: loss = 0.2685
2026-05-06 03:55:16 - __main__ - INFO -   Optimizer step 526: lr = 0.00002407, grad_norm = 2.078125
2026-05-06 03:55:18 - __main__ - INFO -   Batch 855: loss = 0.3294
2026-05-06 03:55:18 - __main__ - INFO -   Optimizer step 527: lr = 0.00002398, grad_norm = 2.296875
2026-05-06 03:55:20 - __main__ - INFO -   Optimizer step 528: lr = 0.00002389, grad_norm = 1.726562
2026-05-06 03:55:20 - __main__ - INFO -   Batch 860: loss = 0.4831
2026-05-06 03:55:22 - __main__ - INFO -   Optimizer step 529: lr = 0.00002379, grad_norm = 1.929688
2026-05-06 03:55:22 - __main__ - INFO -   Batch 865: loss = 0.1848
2026-05-06 03:55:24 - __main__ - INFO -   Optimizer step 530: lr = 0.00002370, grad_norm = 2.328125
2026-05-06 03:55:25 - __main__ - INFO -   Batch 870: loss = 0.4660
2026-05-06 03:55:25 - __main__ - INFO -   Optimizer step 531: lr = 0.00002361, grad_norm = 2.203125
2026-05-06 03:55:27 - __main__ - INFO -   Batch 875: loss = 0.1570
2026-05-06 03:55:27 - __main__ - INFO -   Optimizer step 532: lr = 0.00002352, grad_norm = 1.921875
2026-05-06 03:55:29 - __main__ - INFO -   Optimizer step 533: lr = 0.00002342, grad_norm = 1.757812
2026-05-06 03:55:29 - __main__ - INFO -   Batch 880: loss = 0.3815
2026-05-06 03:55:31 - __main__ - INFO -   Optimizer step 534: lr = 0.00002333, grad_norm = 1.945312
2026-05-06 03:55:31 - __main__ - INFO -   Batch 885: loss = 0.1371
2026-05-06 03:55:33 - __main__ - INFO -   Optimizer step 535: lr = 0.00002324, grad_norm = 2.093750
2026-05-06 03:55:34 - __main__ - INFO -   Batch 890: loss = 0.0432
2026-05-06 03:55:35 - __main__ - INFO -   Optimizer step 536: lr = 0.00002314, grad_norm = 1.609375
2026-05-06 03:55:36 - __main__ - INFO -   Batch 895: loss = 0.2198
2026-05-06 03:55:37 - __main__ - INFO -   Optimizer step 537: lr = 0.00002305, grad_norm = 1.992188
2026-05-06 03:55:38 - __main__ - INFO -   Optimizer step 538: lr = 0.00002296, grad_norm = 2.015625
2026-05-06 03:55:38 - __main__ - INFO -   Batch 900: loss = 0.2978
2026-05-06 03:55:40 - __main__ - INFO -   Optimizer step 539: lr = 0.00002287, grad_norm = 1.750000
2026-05-06 03:55:41 - __main__ - INFO -   Batch 905: loss = 0.2114
2026-05-06 03:55:42 - __main__ - INFO -   Optimizer step 540: lr = 0.00002277, grad_norm = 1.812500
2026-05-06 03:55:43 - __main__ - INFO -   Batch 910: loss = 0.2908
2026-05-06 03:55:44 - __main__ - INFO -   Optimizer step 541: lr = 0.00002268, grad_norm = 1.953125
2026-05-06 03:55:45 - __main__ - INFO -   Batch 915: loss = 0.1688
2026-05-06 03:55:46 - __main__ - INFO -   Optimizer step 542: lr = 0.00002259, grad_norm = 1.750000
2026-05-06 03:55:48 - __main__ - INFO -   Optimizer step 543: lr = 0.00002250, grad_norm = 2.312500
2026-05-06 03:55:48 - __main__ - INFO -   Batch 920: loss = 0.1415
2026-05-06 03:55:49 - __main__ - INFO -   Optimizer step 544: lr = 0.00002241, grad_norm = 1.968750
2026-05-06 03:55:50 - __main__ - INFO -   Batch 925: loss = 0.5378
2026-05-06 03:55:51 - __main__ - INFO -   Optimizer step 545: lr = 0.00002231, grad_norm = 1.937500
2026-05-06 03:55:52 - __main__ - INFO -   Batch 930: loss = 0.5532
2026-05-06 03:55:53 - __main__ - INFO -   Optimizer step 546: lr = 0.00002222, grad_norm = 1.460938
2026-05-06 03:55:54 - __main__ - INFO -   Batch 935: loss = 0.3295
2026-05-06 03:55:55 - __main__ - INFO -   Optimizer step 547: lr = 0.00002213, grad_norm = 1.835938
2026-05-06 03:55:57 - __main__ - INFO -   Optimizer step 548: lr = 0.00002204, grad_norm = 1.773438
2026-05-06 03:55:57 - __main__ - INFO -   Batch 940: loss = 0.1862
2026-05-06 03:55:59 - __main__ - INFO -   Optimizer step 549: lr = 0.00002194, grad_norm = 1.921875
2026-05-06 03:55:59 - __main__ - INFO -   Batch 945: loss = 0.5405
2026-05-06 03:56:00 - __main__ - INFO -   Optimizer step 550: lr = 0.00002185, grad_norm = 2.187500
2026-05-06 03:56:01 - __main__ - INFO -   Batch 950: loss = 0.1948
2026-05-06 03:56:02 - __main__ - INFO -   Optimizer step 551: lr = 0.00002176, grad_norm = 2.062500
2026-05-06 03:56:03 - __main__ - INFO -   Batch 955: loss = 0.2279
2026-05-06 03:56:04 - __main__ - INFO -   Optimizer step 552: lr = 0.00002167, grad_norm = 2.140625
2026-05-06 03:56:06 - __main__ - INFO -   Optimizer step 553: lr = 0.00002158, grad_norm = 1.968750
2026-05-06 03:56:06 - __main__ - INFO -   Batch 960: loss = 0.1916
2026-05-06 03:56:08 - __main__ - INFO -   Optimizer step 554: lr = 0.00002148, grad_norm = 1.882812
2026-05-06 03:56:08 - __main__ - INFO -   Batch 965: loss = 0.4351
2026-05-06 03:56:10 - __main__ - INFO -   Optimizer step 555: lr = 0.00002139, grad_norm = 2.312500
2026-05-06 03:56:10 - __main__ - INFO -   Batch 970: loss = 0.0985
2026-05-06 03:56:11 - __main__ - INFO -   Optimizer step 556: lr = 0.00002130, grad_norm = 1.875000
2026-05-06 03:56:13 - __main__ - INFO -   Batch 975: loss = 0.5318
2026-05-06 03:56:13 - __main__ - INFO -   Optimizer step 557: lr = 0.00002121, grad_norm = 2.359375
2026-05-06 03:56:15 - __main__ - INFO -   Optimizer step 558: lr = 0.00002112, grad_norm = 1.976562
2026-05-06 03:56:15 - __main__ - INFO -   Batch 980: loss = 0.1068
2026-05-06 03:56:17 - __main__ - INFO -   Optimizer step 559: lr = 0.00002102, grad_norm = 1.835938
2026-05-06 03:56:17 - __main__ - INFO -   Batch 985: loss = 0.2563
2026-05-06 03:56:19 - __main__ - INFO -   Optimizer step 560: lr = 0.00002093, grad_norm = 1.781250
2026-05-06 03:56:20 - __main__ - INFO -   Batch 990: loss = 0.3331
2026-05-06 03:56:21 - __main__ - INFO -   Optimizer step 561: lr = 0.00002084, grad_norm = 2.578125
2026-05-06 03:56:22 - __main__ - INFO -   Batch 995: loss = 0.3446
2026-05-06 03:56:22 - __main__ - INFO -   Optimizer step 562: lr = 0.00002075, grad_norm = 2.062500
2026-05-06 03:56:24 - __main__ - INFO -   Optimizer step 563: lr = 0.00002066, grad_norm = 1.984375
2026-05-06 03:56:24 - __main__ - INFO -   Batch 1000: loss = 0.1102
2026-05-06 03:56:26 - __main__ - INFO -   Optimizer step 564: lr = 0.00002057, grad_norm = 2.093750
2026-05-06 03:56:26 - __main__ - INFO -   Batch 1005: loss = 0.1462
2026-05-06 03:56:28 - __main__ - INFO -   Optimizer step 565: lr = 0.00002048, grad_norm = 1.835938
2026-05-06 03:56:29 - __main__ - INFO -   Batch 1010: loss = 0.2492
2026-05-06 03:56:30 - __main__ - INFO -   Optimizer step 566: lr = 0.00002038, grad_norm = 2.062500
2026-05-06 03:56:31 - __main__ - INFO -   Batch 1015: loss = 0.5645
2026-05-06 03:56:32 - __main__ - INFO -   Optimizer step 567: lr = 0.00002029, grad_norm = 1.804688
2026-05-06 03:56:33 - __main__ - INFO -   Optimizer step 568: lr = 0.00002020, grad_norm = 2.187500
2026-05-06 03:56:33 - __main__ - INFO -   Batch 1020: loss = 0.5349
2026-05-06 03:56:35 - __main__ - INFO -   Optimizer step 569: lr = 0.00002011, grad_norm = 1.867188
2026-05-06 03:56:36 - __main__ - INFO -   Batch 1025: loss = 0.4327
2026-05-06 03:56:37 - __main__ - INFO -   Optimizer step 570: lr = 0.00002002, grad_norm = 1.976562
2026-05-06 03:56:38 - __main__ - INFO -   Batch 1030: loss = 0.1668
2026-05-06 03:56:39 - __main__ - INFO -   Optimizer step 571: lr = 0.00001993, grad_norm = 1.804688
2026-05-06 03:56:40 - __main__ - INFO -   Batch 1035: loss = 0.4638
2026-05-06 03:56:41 - __main__ - INFO -   Optimizer step 572: lr = 0.00001984, grad_norm = 2.062500
2026-05-06 03:56:43 - __main__ - INFO -   Optimizer step 573: lr = 0.00001975, grad_norm = 2.000000
2026-05-06 03:56:43 - __main__ - INFO -   Batch 1040: loss = 0.0998
2026-05-06 03:56:44 - __main__ - INFO -   Optimizer step 574: lr = 0.00001966, grad_norm = 2.406250
2026-05-06 03:56:45 - __main__ - INFO -   Batch 1045: loss = 0.2514
2026-05-06 03:56:46 - __main__ - INFO -   Optimizer step 575: lr = 0.00001957, grad_norm = 2.015625
2026-05-06 03:56:47 - __main__ - INFO -   Batch 1050: loss = 0.3900
2026-05-06 03:56:48 - __main__ - INFO -   Optimizer step 576: lr = 0.00001948, grad_norm = 1.539062
2026-05-06 03:56:49 - __main__ - INFO -   Batch 1055: loss = 0.5002
2026-05-06 03:56:50 - __main__ - INFO -   Optimizer step 577: lr = 0.00001939, grad_norm = 1.632812
2026-05-06 03:56:52 - __main__ - INFO -   Optimizer step 578: lr = 0.00001929, grad_norm = 2.125000
2026-05-06 03:56:52 - __main__ - INFO -   Batch 1060: loss = 0.3137
2026-05-06 03:56:54 - __main__ - INFO -   Optimizer step 579: lr = 0.00001920, grad_norm = 1.843750
2026-05-06 03:56:54 - __main__ - INFO -   Batch 1065: loss = 0.2510
2026-05-06 03:56:55 - __main__ - INFO -   Optimizer step 580: lr = 0.00001911, grad_norm = 1.546875
2026-05-06 03:56:56 - __main__ - INFO -   Batch 1070: loss = 0.1818
2026-05-06 03:56:57 - __main__ - INFO -   Optimizer step 581: lr = 0.00001902, grad_norm = 1.960938
2026-05-06 03:56:58 - __main__ - INFO -   Batch 1075: loss = 0.0753
2026-05-06 03:56:59 - __main__ - INFO -   Optimizer step 582: lr = 0.00001893, grad_norm = 2.546875
2026-05-06 03:57:01 - __main__ - INFO -   Optimizer step 583: lr = 0.00001884, grad_norm = 1.726562
2026-05-06 03:57:01 - __main__ - INFO -   Batch 1080: loss = 0.5944
2026-05-06 03:57:03 - __main__ - INFO -   Optimizer step 584: lr = 0.00001875, grad_norm = 1.812500
2026-05-06 03:57:03 - __main__ - INFO -   Batch 1085: loss = 0.1510
2026-05-06 03:57:05 - __main__ - INFO -   Optimizer step 585: lr = 0.00001866, grad_norm = 1.898438
2026-05-06 03:57:05 - __main__ - INFO -   Batch 1090: loss = 0.3603
2026-05-06 03:57:06 - __main__ - INFO -   Optimizer step 586: lr = 0.00001857, grad_norm = 2.125000
2026-05-06 03:57:08 - __main__ - INFO -   Batch 1095: loss = 0.4688
2026-05-06 03:57:08 - __main__ - INFO -   Optimizer step 587: lr = 0.00001848, grad_norm = 2.000000
2026-05-06 03:57:10 - __main__ - INFO -   Optimizer step 588: lr = 0.00001840, grad_norm = 1.781250
2026-05-06 03:57:10 - __main__ - INFO -   Batch 1100: loss = 0.4440
2026-05-06 03:57:12 - __main__ - INFO -   Optimizer step 589: lr = 0.00001831, grad_norm = 1.601562
2026-05-06 03:57:12 - __main__ - INFO -   Batch 1105: loss = 0.4563
2026-05-06 03:57:14 - __main__ - INFO -   Optimizer step 590: lr = 0.00001822, grad_norm = 2.250000
2026-05-06 03:57:15 - __main__ - INFO -   Batch 1110: loss = 0.3842
2026-05-06 03:57:15 - __main__ - INFO -   Optimizer step 591: lr = 0.00001813, grad_norm = 2.296875
2026-05-06 03:57:17 - __main__ - INFO -   Batch 1115: loss = 0.2152
2026-05-06 03:57:17 - __main__ - INFO -   Optimizer step 592: lr = 0.00001804, grad_norm = 2.578125
2026-05-06 03:57:19 - __main__ - INFO -   Optimizer step 593: lr = 0.00001795, grad_norm = 2.093750
2026-05-06 03:57:19 - __main__ - INFO -   Batch 1120: loss = 0.3192
2026-05-06 03:57:21 - __main__ - INFO -   Optimizer step 594: lr = 0.00001786, grad_norm = 1.945312
2026-05-06 03:57:21 - __main__ - INFO -   Batch 1125: loss = 0.1667
2026-05-06 03:57:23 - __main__ - INFO -   Optimizer step 595: lr = 0.00001777, grad_norm = 1.750000
2026-05-06 03:57:24 - __main__ - INFO -   Batch 1130: loss = 0.1881
2026-05-06 03:57:25 - __main__ - INFO -   Optimizer step 596: lr = 0.00001768, grad_norm = 2.015625
2026-05-06 03:57:26 - __main__ - INFO -   Batch 1135: loss = 0.1299
2026-05-06 03:57:26 - __main__ - INFO -   Optimizer step 597: lr = 0.00001759, grad_norm = 1.664062
2026-05-06 03:57:28 - __main__ - INFO -   Optimizer step 598: lr = 0.00001750, grad_norm = 1.554688
2026-05-06 03:57:28 - __main__ - INFO -   Batch 1140: loss = 0.0761
2026-05-06 03:57:30 - __main__ - INFO -   Optimizer step 599: lr = 0.00001742, grad_norm = 1.882812
2026-05-06 03:57:31 - __main__ - INFO -   Batch 1145: loss = 0.3049
2026-05-06 03:57:32 - __main__ - INFO -   Optimizer step 600: lr = 0.00001733, grad_norm = 1.890625
2026-05-06 03:57:33 - __main__ - INFO -   Batch 1150: loss = 0.5694
2026-05-06 03:57:34 - __main__ - INFO -   Optimizer step 601: lr = 0.00001724, grad_norm = 2.078125
2026-05-06 03:57:35 - __main__ - INFO -   Batch 1155: loss = 0.5500
2026-05-06 03:57:36 - __main__ - INFO -   Optimizer step 602: lr = 0.00001715, grad_norm = 1.882812
2026-05-06 03:57:37 - __main__ - INFO -   Optimizer step 603: lr = 0.00001706, grad_norm = 1.726562
2026-05-06 03:57:37 - __main__ - INFO -   Batch 1160: loss = 0.1858
2026-05-06 03:57:39 - __main__ - INFO -   Optimizer step 604: lr = 0.00001698, grad_norm = 2.234375
2026-05-06 03:57:40 - __main__ - INFO -   Batch 1165: loss = 0.1747
2026-05-06 03:57:41 - __main__ - INFO -   Optimizer step 605: lr = 0.00001689, grad_norm = 1.929688
2026-05-06 03:57:42 - __main__ - INFO -   Batch 1170: loss = 0.3033
2026-05-06 03:57:43 - __main__ - INFO -   Optimizer step 606: lr = 0.00001680, grad_norm = 1.648438
2026-05-06 03:57:44 - __main__ - INFO -   Batch 1175: loss = 0.4960
2026-05-06 03:57:45 - __main__ - INFO -   Optimizer step 607: lr = 0.00001671, grad_norm = 1.867188
2026-05-06 03:57:47 - __main__ - INFO -   Optimizer step 608: lr = 0.00001662, grad_norm = 1.531250
2026-05-06 03:57:47 - __main__ - INFO -   Batch 1180: loss = 0.0657
2026-05-06 03:57:48 - __main__ - INFO -   Optimizer step 609: lr = 0.00001654, grad_norm = 1.890625
2026-05-06 03:57:49 - __main__ - INFO -   Batch 1185: loss = 0.3916
2026-05-06 03:57:50 - __main__ - INFO -   Optimizer step 610: lr = 0.00001645, grad_norm = 1.937500
2026-05-06 03:57:51 - __main__ - INFO -   Batch 1190: loss = 0.1155
2026-05-06 03:57:52 - __main__ - INFO -   Optimizer step 611: lr = 0.00001636, grad_norm = 1.539062
2026-05-06 03:57:53 - __main__ - INFO -   Batch 1195: loss = 0.2635
2026-05-06 03:57:54 - __main__ - INFO -   Optimizer step 612: lr = 0.00001628, grad_norm = 2.187500
2026-05-06 03:57:56 - __main__ - INFO -   Optimizer step 613: lr = 0.00001619, grad_norm = 1.945312
2026-05-06 03:57:56 - __main__ - INFO -   Batch 1200: loss = 0.0753
2026-05-06 03:57:58 - __main__ - INFO -   Optimizer step 614: lr = 0.00001610, grad_norm = 2.265625
2026-05-06 03:57:58 - __main__ - INFO -   Batch 1205: loss = 0.1015
2026-05-06 03:57:59 - __main__ - INFO -   Optimizer step 615: lr = 0.00001601, grad_norm = 1.875000
2026-05-06 03:58:00 - __main__ - INFO -   Batch 1210: loss = 0.4250
2026-05-06 03:58:01 - __main__ - INFO -   Optimizer step 616: lr = 0.00001593, grad_norm = 1.695312
2026-05-06 03:58:03 - __main__ - INFO -   Batch 1215: loss = 0.4827
2026-05-06 03:58:03 - __main__ - INFO -   Optimizer step 617: lr = 0.00001584, grad_norm = 2.234375
2026-05-06 03:58:05 - __main__ - INFO -   Optimizer step 618: lr = 0.00001576, grad_norm = 1.875000
2026-05-06 03:58:05 - __main__ - INFO -   Batch 1220: loss = 0.3042
2026-05-06 03:58:07 - __main__ - INFO -   Optimizer step 619: lr = 0.00001567, grad_norm = 2.234375
2026-05-06 03:58:07 - __main__ - INFO -   Batch 1225: loss = 0.1402
2026-05-06 03:58:09 - __main__ - INFO -   Optimizer step 620: lr = 0.00001558, grad_norm = 1.648438
2026-05-06 03:58:09 - __main__ - INFO -   Batch 1230: loss = 0.1855
2026-05-06 03:58:10 - __main__ - INFO -   Optimizer step 621: lr = 0.00001550, grad_norm = 1.882812
2026-05-06 03:58:12 - __main__ - INFO -   Batch 1235: loss = 0.3151
2026-05-06 03:58:12 - __main__ - INFO -   Optimizer step 622: lr = 0.00001541, grad_norm = 1.781250
2026-05-06 03:58:14 - __main__ - INFO -   Optimizer step 623: lr = 0.00001533, grad_norm = 1.726562
2026-05-06 03:58:14 - __main__ - INFO -   Batch 1240: loss = 0.1625
2026-05-06 03:58:16 - __main__ - INFO -   Optimizer step 624: lr = 0.00001524, grad_norm = 1.812500
2026-05-06 03:58:16 - __main__ - INFO -   Batch 1245: loss = 0.1899
2026-05-06 03:58:18 - __main__ - INFO -   Optimizer step 625: lr = 0.00001515, grad_norm = 1.750000
2026-05-06 03:58:18 - __main__ - INFO -   Optimizer step 626: lr = 0.00001507, grad_norm = 1.578125
2026-05-06 03:58:18 - __main__ - INFO - Epoch 2 completed - Epoch Loss: 0.2898
2026-05-06 03:58:18 - __main__ - INFO - 
Epoch 3/3
2026-05-06 03:58:18 - __main__ - INFO - 
[First Batch Info]
2026-05-06 03:58:18 - __main__ - INFO -   Batch size: 4
2026-05-06 03:58:18 - __main__ - INFO -   Sequence length: 1024
2026-05-06 03:58:18 - __main__ - INFO -   Device: cuda:0
2026-05-06 03:58:18 - __main__ - INFO -   Valid labels (response-only): 763/4096
2026-05-06 03:58:19 - __main__ - INFO - 
[Gradient Check - Batch 0]
2026-05-06 03:58:19 - __main__ - INFO -   Parameters with non-zero gradients: 199
2026-05-06 03:58:19 - __main__ - INFO -   Parameters with zero gradients: 0
2026-05-06 03:58:19 - __main__ - INFO -   Max gradient magnitude: 0.040283
2026-05-06 03:58:19 - __main__ - INFO -   Batch 1: loss = 0.4539
2026-05-06 03:58:20 - __main__ - INFO -   Optimizer step 627: lr = 0.00001498, grad_norm = 1.929688
2026-05-06 03:58:20 - __main__ - INFO -   Batch 5: loss = 0.4268
2026-05-06 03:58:22 - __main__ - INFO -   Optimizer step 628: lr = 0.00001490, grad_norm = 2.078125
2026-05-06 03:58:23 - __main__ - INFO -   Batch 10: loss = 0.2192
2026-05-06 03:58:24 - __main__ - INFO -   Optimizer step 629: lr = 0.00001481, grad_norm = 1.492188
2026-05-06 03:58:25 - __main__ - INFO -   Batch 15: loss = 0.3278
2026-05-06 03:58:25 - __main__ - INFO -   Optimizer step 630: lr = 0.00001473, grad_norm = 1.984375
2026-05-06 03:58:27 - __main__ - INFO -   Optimizer step 631: lr = 0.00001465, grad_norm = 1.984375
2026-05-06 03:58:27 - __main__ - INFO -   Batch 20: loss = 0.2762
2026-05-06 03:58:29 - __main__ - INFO -   Optimizer step 632: lr = 0.00001456, grad_norm = 2.156250
2026-05-06 03:58:30 - __main__ - INFO -   Batch 25: loss = 0.1276
2026-05-06 03:58:31 - __main__ - INFO -   Optimizer step 633: lr = 0.00001448, grad_norm = 2.046875
2026-05-06 03:58:32 - __main__ - INFO -   Batch 30: loss = 0.0969
2026-05-06 03:58:33 - __main__ - INFO -   Optimizer step 634: lr = 0.00001439, grad_norm = 1.734375
2026-05-06 03:58:34 - __main__ - INFO -   Batch 35: loss = 0.1095
2026-05-06 03:58:35 - __main__ - INFO -   Optimizer step 635: lr = 0.00001431, grad_norm = 1.789062
2026-05-06 03:58:36 - __main__ - INFO -   Optimizer step 636: lr = 0.00001422, grad_norm = 1.484375
2026-05-06 03:58:37 - __main__ - INFO -   Batch 40: loss = 0.1741
2026-05-06 03:58:38 - __main__ - INFO -   Optimizer step 637: lr = 0.00001414, grad_norm = 1.390625
2026-05-06 03:58:39 - __main__ - INFO -   Batch 45: loss = 0.1592
2026-05-06 03:58:40 - __main__ - INFO -   Optimizer step 638: lr = 0.00001406, grad_norm = 1.640625
2026-05-06 03:58:41 - __main__ - INFO -   Batch 50: loss = 0.2005
2026-05-06 03:58:42 - __main__ - INFO -   Optimizer step 639: lr = 0.00001397, grad_norm = 1.906250
2026-05-06 03:58:43 - __main__ - INFO -   Batch 55: loss = 0.4287
2026-05-06 03:58:44 - __main__ - INFO -   Optimizer step 640: lr = 0.00001389, grad_norm = 1.601562
2026-05-06 03:58:46 - __main__ - INFO -   Optimizer step 641: lr = 0.00001381, grad_norm = 1.640625
2026-05-06 03:58:46 - __main__ - INFO -   Batch 60: loss = 0.1471
2026-05-06 03:58:47 - __main__ - INFO -   Optimizer step 642: lr = 0.00001372, grad_norm = 1.312500
2026-05-06 03:58:48 - __main__ - INFO -   Batch 65: loss = 0.6017
2026-05-06 03:58:49 - __main__ - INFO -   Optimizer step 643: lr = 0.00001364, grad_norm = 2.000000
2026-05-06 03:58:50 - __main__ - INFO -   Batch 70: loss = 0.3543
2026-05-06 03:58:51 - __main__ - INFO -   Optimizer step 644: lr = 0.00001356, grad_norm = 1.945312
2026-05-06 03:58:52 - __main__ - INFO -   Batch 75: loss = 0.2539
2026-05-06 03:58:53 - __main__ - INFO -   Optimizer step 645: lr = 0.00001348, grad_norm = 1.820312
2026-05-06 03:58:55 - __main__ - INFO -   Optimizer step 646: lr = 0.00001339, grad_norm = 2.093750
2026-05-06 03:58:55 - __main__ - INFO -   Batch 80: loss = 0.1557
2026-05-06 03:58:57 - __main__ - INFO -   Optimizer step 647: lr = 0.00001331, grad_norm = 1.695312
2026-05-06 03:58:57 - __main__ - INFO -   Batch 85: loss = 0.3223
2026-05-06 03:58:58 - __main__ - INFO -   Optimizer step 648: lr = 0.00001323, grad_norm = 2.000000
2026-05-06 03:58:59 - __main__ - INFO -   Batch 90: loss = 0.2532
2026-05-06 03:59:00 - __main__ - INFO -   Optimizer step 649: lr = 0.00001315, grad_norm = 1.968750
2026-05-06 03:59:02 - __main__ - INFO -   Batch 95: loss = 0.1143
2026-05-06 03:59:02 - __main__ - INFO -   Optimizer step 650: lr = 0.00001307, grad_norm = 1.851562
2026-05-06 03:59:04 - __main__ - INFO -   Optimizer step 651: lr = 0.00001299, grad_norm = 1.976562
2026-05-06 03:59:04 - __main__ - INFO -   Batch 100: loss = 0.1257
2026-05-06 03:59:06 - __main__ - INFO -   Optimizer step 652: lr = 0.00001290, grad_norm = 1.648438
2026-05-06 03:59:06 - __main__ - INFO -   Batch 105: loss = 0.1902
2026-05-06 03:59:08 - __main__ - INFO -   Optimizer step 653: lr = 0.00001282, grad_norm = 1.789062
2026-05-06 03:59:08 - __main__ - INFO -   Batch 110: loss = 0.4463
2026-05-06 03:59:09 - __main__ - INFO -   Optimizer step 654: lr = 0.00001274, grad_norm = 1.875000
2026-05-06 03:59:11 - __main__ - INFO -   Batch 115: loss = 0.1812
2026-05-06 03:59:11 - __main__ - INFO -   Optimizer step 655: lr = 0.00001266, grad_norm = 1.992188
2026-05-06 03:59:13 - __main__ - INFO -   Optimizer step 656: lr = 0.00001258, grad_norm = 1.781250
2026-05-06 03:59:13 - __main__ - INFO -   Batch 120: loss = 0.2045
2026-05-06 03:59:15 - __main__ - INFO -   Optimizer step 657: lr = 0.00001250, grad_norm = 1.992188
2026-05-06 03:59:15 - __main__ - INFO -   Batch 125: loss = 0.1361
2026-05-06 03:59:17 - __main__ - INFO -   Optimizer step 658: lr = 0.00001242, grad_norm = 1.476562
2026-05-06 03:59:18 - __main__ - INFO -   Batch 130: loss = 0.1837
2026-05-06 03:59:19 - __main__ - INFO -   Optimizer step 659: lr = 0.00001234, grad_norm = 2.000000
2026-05-06 03:59:20 - __main__ - INFO -   Batch 135: loss = 0.2631
2026-05-06 03:59:20 - __main__ - INFO -   Optimizer step 660: lr = 0.00001226, grad_norm = 1.726562
2026-05-06 03:59:22 - __main__ - INFO -   Optimizer step 661: lr = 0.00001218, grad_norm = 1.984375
2026-05-06 03:59:22 - __main__ - INFO -   Batch 140: loss = 0.3731
2026-05-06 03:59:24 - __main__ - INFO -   Optimizer step 662: lr = 0.00001210, grad_norm = 1.632812
2026-05-06 03:59:25 - __main__ - INFO -   Batch 145: loss = 0.4828
2026-05-06 03:59:26 - __main__ - INFO -   Optimizer step 663: lr = 0.00001202, grad_norm = 2.000000
2026-05-06 03:59:27 - __main__ - INFO -   Batch 150: loss = 0.4111
2026-05-06 03:59:28 - __main__ - INFO -   Optimizer step 664: lr = 0.00001194, grad_norm = 2.000000
2026-05-06 03:59:29 - __main__ - INFO -   Batch 155: loss = 0.1061
2026-05-06 03:59:30 - __main__ - INFO -   Optimizer step 665: lr = 0.00001186, grad_norm = 1.492188
2026-05-06 03:59:31 - __main__ - INFO -   Optimizer step 666: lr = 0.00001178, grad_norm = 1.968750
2026-05-06 03:59:31 - __main__ - INFO -   Batch 160: loss = 0.2416
2026-05-06 03:59:33 - __main__ - INFO -   Optimizer step 667: lr = 0.00001170, grad_norm = 1.695312
2026-05-06 03:59:34 - __main__ - INFO -   Batch 165: loss = 0.3439
2026-05-06 03:59:35 - __main__ - INFO -   Optimizer step 668: lr = 0.00001163, grad_norm = 2.125000
2026-05-06 03:59:36 - __main__ - INFO -   Batch 170: loss = 0.2177
2026-05-06 03:59:37 - __main__ - INFO -   Optimizer step 669: lr = 0.00001155, grad_norm = 1.898438
2026-05-06 03:59:38 - __main__ - INFO -   Batch 175: loss = 0.2700
2026-05-06 03:59:39 - __main__ - INFO -   Optimizer step 670: lr = 0.00001147, grad_norm = 2.093750
2026-05-06 03:59:41 - __main__ - INFO -   Optimizer step 671: lr = 0.00001139, grad_norm = 2.250000
2026-05-06 03:59:41 - __main__ - INFO -   Batch 180: loss = 0.3992
2026-05-06 03:59:42 - __main__ - INFO -   Optimizer step 672: lr = 0.00001131, grad_norm = 1.593750
2026-05-06 03:59:43 - __main__ - INFO -   Batch 185: loss = 0.3670
2026-05-06 03:59:44 - __main__ - INFO -   Optimizer step 673: lr = 0.00001124, grad_norm = 1.906250
2026-05-06 03:59:45 - __main__ - INFO -   Batch 190: loss = 0.1688
2026-05-06 03:59:46 - __main__ - INFO -   Optimizer step 674: lr = 0.00001116, grad_norm = 2.093750
2026-05-06 03:59:47 - __main__ - INFO -   Batch 195: loss = 0.3008
2026-05-06 03:59:48 - __main__ - INFO -   Optimizer step 675: lr = 0.00001108, grad_norm = 2.093750
2026-05-06 03:59:50 - __main__ - INFO -   Optimizer step 676: lr = 0.00001100, grad_norm = 1.601562
2026-05-06 03:59:50 - __main__ - INFO -   Batch 200: loss = 0.0846
2026-05-06 03:59:52 - __main__ - INFO -   Optimizer step 677: lr = 0.00001093, grad_norm = 1.695312
2026-05-06 03:59:52 - __main__ - INFO -   Batch 205: loss = 0.1759
2026-05-06 03:59:53 - __main__ - INFO -   Optimizer step 678: lr = 0.00001085, grad_norm = 1.835938
2026-05-06 03:59:54 - __main__ - INFO -   Batch 210: loss = 0.2388
2026-05-06 03:59:55 - __main__ - INFO -   Optimizer step 679: lr = 0.00001077, grad_norm = 1.898438
2026-05-06 03:59:57 - __main__ - INFO -   Batch 215: loss = 0.4562
2026-05-06 03:59:57 - __main__ - INFO -   Optimizer step 680: lr = 0.00001070, grad_norm = 2.140625
2026-05-06 03:59:59 - __main__ - INFO -   Optimizer step 681: lr = 0.00001062, grad_norm = 1.859375
2026-05-06 03:59:59 - __main__ - INFO -   Batch 220: loss = 0.1292
2026-05-06 04:00:01 - __main__ - INFO -   Optimizer step 682: lr = 0.00001055, grad_norm = 1.945312
2026-05-06 04:00:01 - __main__ - INFO -   Batch 225: loss = 0.3905
2026-05-06 04:00:03 - __main__ - INFO -   Optimizer step 683: lr = 0.00001047, grad_norm = 1.687500
2026-05-06 04:00:03 - __main__ - INFO -   Batch 230: loss = 0.3433
2026-05-06 04:00:04 - __main__ - INFO -   Optimizer step 684: lr = 0.00001040, grad_norm = 2.046875
2026-05-06 04:00:06 - __main__ - INFO -   Batch 235: loss = 0.2980
2026-05-06 04:00:06 - __main__ - INFO -   Optimizer step 685: lr = 0.00001032, grad_norm = 1.828125
2026-05-06 04:00:08 - __main__ - INFO -   Optimizer step 686: lr = 0.00001025, grad_norm = 1.914062
2026-05-06 04:00:08 - __main__ - INFO -   Batch 240: loss = 0.4458
2026-05-06 04:00:10 - __main__ - INFO -   Optimizer step 687: lr = 0.00001017, grad_norm = 1.515625
2026-05-06 04:00:10 - __main__ - INFO -   Batch 245: loss = 0.4598
2026-05-06 04:00:12 - __main__ - INFO -   Optimizer step 688: lr = 0.00001010, grad_norm = 2.046875
2026-05-06 04:00:13 - __main__ - INFO -   Batch 250: loss = 0.1851
2026-05-06 04:00:14 - __main__ - INFO -   Optimizer step 689: lr = 0.00001002, grad_norm = 1.820312
2026-05-06 04:00:15 - __main__ - INFO -   Batch 255: loss = 0.6245
2026-05-06 04:00:15 - __main__ - INFO -   Optimizer step 690: lr = 0.00000995, grad_norm = 2.234375
2026-05-06 04:00:17 - __main__ - INFO -   Optimizer step 691: lr = 0.00000987, grad_norm = 1.757812
2026-05-06 04:00:17 - __main__ - INFO -   Batch 260: loss = 0.1422
2026-05-06 04:00:19 - __main__ - INFO -   Optimizer step 692: lr = 0.00000980, grad_norm = 1.757812
2026-05-06 04:00:19 - __main__ - INFO -   Batch 265: loss = 0.3559
2026-05-06 04:00:21 - __main__ - INFO -   Optimizer step 693: lr = 0.00000973, grad_norm = 1.640625
2026-05-06 04:00:22 - __main__ - INFO -   Batch 270: loss = 0.2600
2026-05-06 04:00:23 - __main__ - INFO -   Optimizer step 694: lr = 0.00000965, grad_norm = 1.984375
2026-05-06 04:00:24 - __main__ - INFO -   Batch 275: loss = 0.2556
2026-05-06 04:00:25 - __main__ - INFO -   Optimizer step 695: lr = 0.00000958, grad_norm = 1.828125
2026-05-06 04:00:26 - __main__ - INFO -   Optimizer step 696: lr = 0.00000951, grad_norm = 1.835938
2026-05-06 04:00:26 - __main__ - INFO -   Batch 280: loss = 0.1091
2026-05-06 04:00:28 - __main__ - INFO -   Optimizer step 697: lr = 0.00000943, grad_norm = 1.898438
2026-05-06 04:00:29 - __main__ - INFO -   Batch 285: loss = 0.1429
2026-05-06 04:00:30 - __main__ - INFO -   Optimizer step 698: lr = 0.00000936, grad_norm = 1.796875
2026-05-06 04:00:31 - __main__ - INFO -   Batch 290: loss = 0.1389
2026-05-06 04:00:32 - __main__ - INFO -   Optimizer step 699: lr = 0.00000929, grad_norm = 2.218750
2026-05-06 04:00:33 - __main__ - INFO -   Batch 295: loss = 0.5179
2026-05-06 04:00:34 - __main__ - INFO -   Optimizer step 700: lr = 0.00000922, grad_norm = 1.968750
2026-05-06 04:00:35 - __main__ - INFO -   Optimizer step 701: lr = 0.00000914, grad_norm = 2.187500
2026-05-06 04:00:36 - __main__ - INFO -   Batch 300: loss = 0.2602
2026-05-06 04:00:37 - __main__ - INFO -   Optimizer step 702: lr = 0.00000907, grad_norm = 1.812500
2026-05-06 04:00:38 - __main__ - INFO -   Batch 305: loss = 0.3032
2026-05-06 04:00:39 - __main__ - INFO -   Optimizer step 703: lr = 0.00000900, grad_norm = 2.109375
2026-05-06 04:00:40 - __main__ - INFO -   Batch 310: loss = 0.3972
2026-05-06 04:00:41 - __main__ - INFO -   Optimizer step 704: lr = 0.00000893, grad_norm = 2.390625
2026-05-06 04:00:42 - __main__ - INFO -   Batch 315: loss = 0.3350
2026-05-06 04:00:43 - __main__ - INFO -   Optimizer step 705: lr = 0.00000886, grad_norm = 2.140625
2026-05-06 04:00:45 - __main__ - INFO -   Optimizer step 706: lr = 0.00000879, grad_norm = 1.945312
2026-05-06 04:00:45 - __main__ - INFO -   Batch 320: loss = 0.2665
2026-05-06 04:00:46 - __main__ - INFO -   Optimizer step 707: lr = 0.00000872, grad_norm = 1.671875
2026-05-06 04:00:47 - __main__ - INFO -   Batch 325: loss = 0.2321
2026-05-06 04:00:48 - __main__ - INFO -   Optimizer step 708: lr = 0.00000865, grad_norm = 2.171875
2026-05-06 04:00:49 - __main__ - INFO -   Batch 330: loss = 0.2216
2026-05-06 04:00:50 - __main__ - INFO -   Optimizer step 709: lr = 0.00000858, grad_norm = 1.914062
2026-05-06 04:00:51 - __main__ - INFO -   Batch 335: loss = 0.3097
2026-05-06 04:00:52 - __main__ - INFO -   Optimizer step 710: lr = 0.00000851, grad_norm = 2.078125
2026-05-06 04:00:54 - __main__ - INFO -   Optimizer step 711: lr = 0.00000844, grad_norm = 1.968750
2026-05-06 04:00:54 - __main__ - INFO -   Batch 340: loss = 0.2381
2026-05-06 04:00:56 - __main__ - INFO -   Optimizer step 712: lr = 0.00000837, grad_norm = 1.984375
2026-05-06 04:00:56 - __main__ - INFO -   Batch 345: loss = 0.1896
2026-05-06 04:00:57 - __main__ - INFO -   Optimizer step 713: lr = 0.00000830, grad_norm = 1.664062
2026-05-06 04:00:58 - __main__ - INFO -   Batch 350: loss = 0.3032
2026-05-06 04:00:59 - __main__ - INFO -   Optimizer step 714: lr = 0.00000823, grad_norm = 1.945312
2026-05-06 04:01:01 - __main__ - INFO -   Batch 355: loss = 0.1207
2026-05-06 04:01:01 - __main__ - INFO -   Optimizer step 715: lr = 0.00000816, grad_norm = 1.867188
2026-05-06 04:01:03 - __main__ - INFO -   Optimizer step 716: lr = 0.00000809, grad_norm = 1.843750
2026-05-06 04:01:03 - __main__ - INFO -   Batch 360: loss = 0.4211
2026-05-06 04:01:05 - __main__ - INFO -   Optimizer step 717: lr = 0.00000802, grad_norm = 1.929688
2026-05-06 04:01:05 - __main__ - INFO -   Batch 365: loss = 0.1213
2026-05-06 04:01:07 - __main__ - INFO -   Optimizer step 718: lr = 0.00000796, grad_norm = 2.015625
2026-05-06 04:01:08 - __main__ - INFO -   Batch 370: loss = 0.1243
2026-05-06 04:01:09 - __main__ - INFO -   Optimizer step 719: lr = 0.00000789, grad_norm = 1.632812
2026-05-06 04:01:10 - __main__ - INFO -   Batch 375: loss = 0.5105
2026-05-06 04:01:10 - __main__ - INFO -   Optimizer step 720: lr = 0.00000782, grad_norm = 2.140625
2026-05-06 04:01:12 - __main__ - INFO -   Optimizer step 721: lr = 0.00000775, grad_norm = 1.500000
2026-05-06 04:01:12 - __main__ - INFO -   Batch 380: loss = 0.0683
2026-05-06 04:01:14 - __main__ - INFO -   Optimizer step 722: lr = 0.00000769, grad_norm = 2.078125
2026-05-06 04:01:14 - __main__ - INFO -   Batch 385: loss = 0.1557
2026-05-06 04:01:16 - __main__ - INFO -   Optimizer step 723: lr = 0.00000762, grad_norm = 1.671875
2026-05-06 04:01:17 - __main__ - INFO -   Batch 390: loss = 0.3767
2026-05-06 04:01:18 - __main__ - INFO -   Optimizer step 724: lr = 0.00000755, grad_norm = 2.031250
2026-05-06 04:01:19 - __main__ - INFO -   Batch 395: loss = 0.2906
2026-05-06 04:01:20 - __main__ - INFO -   Optimizer step 725: lr = 0.00000749, grad_norm = 1.796875
2026-05-06 04:01:21 - __main__ - INFO -   Optimizer step 726: lr = 0.00000742, grad_norm = 1.906250
2026-05-06 04:01:21 - __main__ - INFO -   Batch 400: loss = 0.3870
2026-05-06 04:01:23 - __main__ - INFO -   Optimizer step 727: lr = 0.00000736, grad_norm = 1.875000
2026-05-06 04:01:24 - __main__ - INFO -   Batch 405: loss = 0.1479
2026-05-06 04:01:25 - __main__ - INFO -   Optimizer step 728: lr = 0.00000729, grad_norm = 1.484375
2026-05-06 04:01:26 - __main__ - INFO -   Batch 410: loss = 0.5154
2026-05-06 04:01:27 - __main__ - INFO -   Optimizer step 729: lr = 0.00000722, grad_norm = 2.093750
2026-05-06 04:01:28 - __main__ - INFO -   Batch 415: loss = 0.3001
2026-05-06 04:01:29 - __main__ - INFO -   Optimizer step 730: lr = 0.00000716, grad_norm = 1.945312
2026-05-06 04:01:31 - __main__ - INFO -   Optimizer step 731: lr = 0.00000709, grad_norm = 1.632812
2026-05-06 04:01:31 - __main__ - INFO -   Batch 420: loss = 0.1021
2026-05-06 04:01:32 - __main__ - INFO -   Optimizer step 732: lr = 0.00000703, grad_norm = 1.976562
2026-05-06 04:01:33 - __main__ - INFO -   Batch 425: loss = 0.1355
2026-05-06 04:01:34 - __main__ - INFO -   Optimizer step 733: lr = 0.00000696, grad_norm = 1.859375
2026-05-06 04:01:35 - __main__ - INFO -   Batch 430: loss = 0.2287
2026-05-06 04:01:36 - __main__ - INFO -   Optimizer step 734: lr = 0.00000690, grad_norm = 2.000000
2026-05-06 04:01:37 - __main__ - INFO -   Batch 435: loss = 0.1857
2026-05-06 04:01:38 - __main__ - INFO -   Optimizer step 735: lr = 0.00000684, grad_norm = 1.882812
2026-05-06 04:01:40 - __main__ - INFO -   Optimizer step 736: lr = 0.00000677, grad_norm = 1.890625
2026-05-06 04:01:40 - __main__ - INFO -   Batch 440: loss = 0.2064
2026-05-06 04:01:42 - __main__ - INFO -   Optimizer step 737: lr = 0.00000671, grad_norm = 2.046875
2026-05-06 04:01:42 - __main__ - INFO -   Batch 445: loss = 0.2383
2026-05-06 04:01:43 - __main__ - INFO -   Optimizer step 738: lr = 0.00000665, grad_norm = 2.109375
2026-05-06 04:01:44 - __main__ - INFO -   Batch 450: loss = 0.2521
2026-05-06 04:01:45 - __main__ - INFO -   Optimizer step 739: lr = 0.00000658, grad_norm = 1.992188
2026-05-06 04:01:47 - __main__ - INFO -   Batch 455: loss = 0.2880
2026-05-06 04:01:47 - __main__ - INFO -   Optimizer step 740: lr = 0.00000652, grad_norm = 1.968750
2026-05-06 04:01:49 - __main__ - INFO -   Optimizer step 741: lr = 0.00000646, grad_norm = 1.703125
2026-05-06 04:01:49 - __main__ - INFO -   Batch 460: loss = 0.3415
2026-05-06 04:01:51 - __main__ - INFO -   Optimizer step 742: lr = 0.00000640, grad_norm = 1.617188
2026-05-06 04:01:51 - __main__ - INFO -   Batch 465: loss = 0.4982
2026-05-06 04:01:53 - __main__ - INFO -   Optimizer step 743: lr = 0.00000633, grad_norm = 2.062500
2026-05-06 04:01:53 - __main__ - INFO -   Batch 470: loss = 0.4087
2026-05-06 04:01:54 - __main__ - INFO -   Optimizer step 744: lr = 0.00000627, grad_norm = 2.421875
2026-05-06 04:01:56 - __main__ - INFO -   Batch 475: loss = 0.1730
2026-05-06 04:01:56 - __main__ - INFO -   Optimizer step 745: lr = 0.00000621, grad_norm = 1.898438
2026-05-06 04:01:58 - __main__ - INFO -   Optimizer step 746: lr = 0.00000615, grad_norm = 1.796875
2026-05-06 04:01:58 - __main__ - INFO -   Batch 480: loss = 0.1466
2026-05-06 04:02:00 - __main__ - INFO -   Optimizer step 747: lr = 0.00000609, grad_norm = 1.843750
2026-05-06 04:02:00 - __main__ - INFO -   Batch 485: loss = 0.2470
2026-05-06 04:02:02 - __main__ - INFO -   Optimizer step 748: lr = 0.00000603, grad_norm = 2.078125
2026-05-06 04:02:03 - __main__ - INFO -   Batch 490: loss = 0.4104
2026-05-06 04:02:04 - __main__ - INFO -   Optimizer step 749: lr = 0.00000597, grad_norm = 1.632812
2026-05-06 04:02:05 - __main__ - INFO -   Batch 495: loss = 0.2358
2026-05-06 04:02:05 - __main__ - INFO -   Optimizer step 750: lr = 0.00000591, grad_norm = 2.140625
2026-05-06 04:02:07 - __main__ - INFO -   Optimizer step 751: lr = 0.00000585, grad_norm = 1.656250
2026-05-06 04:02:07 - __main__ - INFO -   Batch 500: loss = 0.2271
2026-05-06 04:02:09 - __main__ - INFO -   Optimizer step 752: lr = 0.00000579, grad_norm = 2.109375
2026-05-06 04:02:10 - __main__ - INFO -   Batch 505: loss = 0.1686
2026-05-06 04:02:11 - __main__ - INFO -   Optimizer step 753: lr = 0.00000573, grad_norm = 2.015625
2026-05-06 04:02:12 - __main__ - INFO -   Batch 510: loss = 0.5190
2026-05-06 04:02:13 - __main__ - INFO -   Optimizer step 754: lr = 0.00000567, grad_norm = 1.726562
2026-05-06 04:02:14 - __main__ - INFO -   Batch 515: loss = 0.2722
2026-05-06 04:02:15 - __main__ - INFO -   Optimizer step 755: lr = 0.00000561, grad_norm = 2.546875
2026-05-06 04:02:16 - __main__ - INFO -   Optimizer step 756: lr = 0.00000555, grad_norm = 1.890625
2026-05-06 04:02:16 - __main__ - INFO -   Batch 520: loss = 0.2089
2026-05-06 04:02:18 - __main__ - INFO -   Optimizer step 757: lr = 0.00000550, grad_norm = 1.617188
2026-05-06 04:02:19 - __main__ - INFO -   Batch 525: loss = 0.0844
2026-05-06 04:02:20 - __main__ - INFO -   Optimizer step 758: lr = 0.00000544, grad_norm = 1.453125
2026-05-06 04:02:21 - __main__ - INFO -   Batch 530: loss = 0.2834
2026-05-06 04:02:22 - __main__ - INFO -   Optimizer step 759: lr = 0.00000538, grad_norm = 1.914062
2026-05-06 04:02:23 - __main__ - INFO -   Batch 535: loss = 0.2651
2026-05-06 04:02:24 - __main__ - INFO -   Optimizer step 760: lr = 0.00000532, grad_norm = 1.820312
2026-05-06 04:02:26 - __main__ - INFO -   Optimizer step 761: lr = 0.00000527, grad_norm = 1.781250
2026-05-06 04:02:26 - __main__ - INFO -   Batch 540: loss = 0.2692
2026-05-06 04:02:27 - __main__ - INFO -   Optimizer step 762: lr = 0.00000521, grad_norm = 1.890625
2026-05-06 04:02:28 - __main__ - INFO -   Batch 545: loss = 0.2520
2026-05-06 04:02:29 - __main__ - INFO -   Optimizer step 763: lr = 0.00000515, grad_norm = 1.851562
2026-05-06 04:02:30 - __main__ - INFO -   Batch 550: loss = 0.2519
2026-05-06 04:02:31 - __main__ - INFO -   Optimizer step 764: lr = 0.00000510, grad_norm = 1.718750
2026-05-06 04:02:32 - __main__ - INFO -   Batch 555: loss = 0.1132
2026-05-06 04:02:33 - __main__ - INFO -   Optimizer step 765: lr = 0.00000504, grad_norm = 1.375000
2026-05-06 04:02:35 - __main__ - INFO -   Optimizer step 766: lr = 0.00000498, grad_norm = 1.890625
2026-05-06 04:02:35 - __main__ - INFO -   Batch 560: loss = 0.2321
2026-05-06 04:02:37 - __main__ - INFO -   Optimizer step 767: lr = 0.00000493, grad_norm = 1.929688
2026-05-06 04:02:37 - __main__ - INFO -   Batch 565: loss = 0.1103
2026-05-06 04:02:38 - __main__ - INFO -   Optimizer step 768: lr = 0.00000487, grad_norm = 2.093750
2026-05-06 04:02:39 - __main__ - INFO -   Batch 570: loss = 0.1893
2026-05-06 04:02:40 - __main__ - INFO -   Optimizer step 769: lr = 0.00000482, grad_norm = 2.093750
2026-05-06 04:02:41 - __main__ - INFO -   Batch 575: loss = 0.1991
2026-05-06 04:02:42 - __main__ - INFO -   Optimizer step 770: lr = 0.00000476, grad_norm = 1.929688
2026-05-06 04:02:44 - __main__ - INFO -   Optimizer step 771: lr = 0.00000471, grad_norm = 2.031250
2026-05-06 04:02:44 - __main__ - INFO -   Batch 580: loss = 0.3329
2026-05-06 04:02:46 - __main__ - INFO -   Optimizer step 772: lr = 0.00000466, grad_norm = 2.000000
2026-05-06 04:02:46 - __main__ - INFO -   Batch 585: loss = 0.5573
2026-05-06 04:02:48 - __main__ - INFO -   Optimizer step 773: lr = 0.00000460, grad_norm = 2.000000
2026-05-06 04:02:48 - __main__ - INFO -   Batch 590: loss = 0.4488
2026-05-06 04:02:49 - __main__ - INFO -   Optimizer step 774: lr = 0.00000455, grad_norm = 2.375000
2026-05-06 04:02:51 - __main__ - INFO -   Batch 595: loss = 0.1210
2026-05-06 04:02:51 - __main__ - INFO -   Optimizer step 775: lr = 0.00000449, grad_norm = 2.015625
2026-05-06 04:02:53 - __main__ - INFO -   Optimizer step 776: lr = 0.00000444, grad_norm = 1.789062
2026-05-06 04:02:53 - __main__ - INFO -   Batch 600: loss = 0.2188
2026-05-06 04:02:55 - __main__ - INFO -   Optimizer step 777: lr = 0.00000439, grad_norm = 2.390625
2026-05-06 04:02:55 - __main__ - INFO -   Batch 605: loss = 0.1513
2026-05-06 04:02:57 - __main__ - INFO -   Optimizer step 778: lr = 0.00000434, grad_norm = 2.046875
2026-05-06 04:02:58 - __main__ - INFO -   Batch 610: loss = 0.1705
2026-05-06 04:02:59 - __main__ - INFO -   Optimizer step 779: lr = 0.00000428, grad_norm = 1.906250
2026-05-06 04:03:00 - __main__ - INFO -   Batch 615: loss = 0.3256
2026-05-06 04:03:00 - __main__ - INFO -   Optimizer step 780: lr = 0.00000423, grad_norm = 2.046875
2026-05-06 04:03:02 - __main__ - INFO -   Optimizer step 781: lr = 0.00000418, grad_norm = 2.109375
2026-05-06 04:03:02 - __main__ - INFO -   Batch 620: loss = 0.4183
2026-05-06 04:03:04 - __main__ - INFO -   Optimizer step 782: lr = 0.00000413, grad_norm = 1.843750
2026-05-06 04:03:04 - __main__ - INFO -   Batch 625: loss = 0.1004
2026-05-06 04:03:06 - __main__ - INFO -   Optimizer step 783: lr = 0.00000408, grad_norm = 1.656250
2026-05-06 04:03:07 - __main__ - INFO -   Batch 630: loss = 0.1894
2026-05-06 04:03:08 - __main__ - INFO -   Optimizer step 784: lr = 0.00000403, grad_norm = 1.976562
2026-05-06 04:03:09 - __main__ - INFO -   Batch 635: loss = 0.1586
2026-05-06 04:03:10 - __main__ - INFO -   Optimizer step 785: lr = 0.00000398, grad_norm = 2.062500
2026-05-06 04:03:11 - __main__ - INFO -   Optimizer step 786: lr = 0.00000393, grad_norm = 2.187500
2026-05-06 04:03:11 - __main__ - INFO -   Batch 640: loss = 0.2445
2026-05-06 04:03:13 - __main__ - INFO -   Optimizer step 787: lr = 0.00000388, grad_norm = 1.789062
2026-05-06 04:03:14 - __main__ - INFO -   Batch 645: loss = 0.1703
2026-05-06 04:03:15 - __main__ - INFO -   Optimizer step 788: lr = 0.00000383, grad_norm = 1.835938
2026-05-06 04:03:16 - __main__ - INFO -   Batch 650: loss = 0.2628
2026-05-06 04:03:17 - __main__ - INFO -   Optimizer step 789: lr = 0.00000378, grad_norm = 2.343750
2026-05-06 04:03:18 - __main__ - INFO -   Batch 655: loss = 0.2538
2026-05-06 04:03:19 - __main__ - INFO -   Optimizer step 790: lr = 0.00000373, grad_norm = 2.078125
2026-05-06 04:03:21 - __main__ - INFO -   Optimizer step 791: lr = 0.00000368, grad_norm = 1.984375
2026-05-06 04:03:21 - __main__ - INFO -   Batch 660: loss = 0.1809
2026-05-06 04:03:22 - __main__ - INFO -   Optimizer step 792: lr = 0.00000363, grad_norm = 1.914062
2026-05-06 04:03:23 - __main__ - INFO -   Batch 665: loss = 0.2284
2026-05-06 04:03:24 - __main__ - INFO -   Optimizer step 793: lr = 0.00000359, grad_norm = 1.968750
2026-05-06 04:03:25 - __main__ - INFO -   Batch 670: loss = 0.2305
2026-05-06 04:03:26 - __main__ - INFO -   Optimizer step 794: lr = 0.00000354, grad_norm = 2.234375
2026-05-06 04:03:27 - __main__ - INFO -   Batch 675: loss = 0.1662
2026-05-06 04:03:28 - __main__ - INFO -   Optimizer step 795: lr = 0.00000349, grad_norm = 1.914062
2026-05-06 04:03:30 - __main__ - INFO -   Optimizer step 796: lr = 0.00000344, grad_norm = 2.000000
2026-05-06 04:03:30 - __main__ - INFO -   Batch 680: loss = 0.2502
2026-05-06 04:03:32 - __main__ - INFO -   Optimizer step 797: lr = 0.00000340, grad_norm = 2.343750
2026-05-06 04:03:32 - __main__ - INFO -   Batch 685: loss = 0.2227
2026-05-06 04:03:33 - __main__ - INFO -   Optimizer step 798: lr = 0.00000335, grad_norm = 1.781250
2026-05-06 04:03:34 - __main__ - INFO -   Batch 690: loss = 0.3580
2026-05-06 04:03:35 - __main__ - INFO -   Optimizer step 799: lr = 0.00000330, grad_norm = 2.140625
2026-05-06 04:03:36 - __main__ - INFO -   Batch 695: loss = 0.1929
2026-05-06 04:03:37 - __main__ - INFO -   Optimizer step 800: lr = 0.00000326, grad_norm = 2.203125
2026-05-06 04:03:39 - __main__ - INFO -   Optimizer step 801: lr = 0.00000321, grad_norm = 1.875000
2026-05-06 04:03:39 - __main__ - INFO -   Batch 700: loss = 0.1865
2026-05-06 04:03:41 - __main__ - INFO -   Optimizer step 802: lr = 0.00000317, grad_norm = 1.960938
2026-05-06 04:03:41 - __main__ - INFO -   Batch 705: loss = 0.2050
2026-05-06 04:03:43 - __main__ - INFO -   Optimizer step 803: lr = 0.00000312, grad_norm = 1.796875
2026-05-06 04:03:43 - __main__ - INFO -   Batch 710: loss = 0.1763
2026-05-06 04:03:44 - __main__ - INFO -   Optimizer step 804: lr = 0.00000308, grad_norm = 1.656250
2026-05-06 04:03:46 - __main__ - INFO -   Batch 715: loss = 0.1106
2026-05-06 04:03:46 - __main__ - INFO -   Optimizer step 805: lr = 0.00000303, grad_norm = 1.953125
2026-05-06 04:03:48 - __main__ - INFO -   Optimizer step 806: lr = 0.00000299, grad_norm = 1.750000
2026-05-06 04:03:48 - __main__ - INFO -   Batch 720: loss = 0.2136
2026-05-06 04:03:50 - __main__ - INFO -   Optimizer step 807: lr = 0.00000294, grad_norm = 1.960938
2026-05-06 04:03:50 - __main__ - INFO -   Batch 725: loss = 0.2909
2026-05-06 04:03:52 - __main__ - INFO -   Optimizer step 808: lr = 0.00000290, grad_norm = 2.078125
2026-05-06 04:03:53 - __main__ - INFO -   Batch 730: loss = 0.3037
2026-05-06 04:03:54 - __main__ - INFO -   Optimizer step 809: lr = 0.00000286, grad_norm = 1.875000
2026-05-06 04:03:55 - __main__ - INFO -   Batch 735: loss = 0.5448
2026-05-06 04:03:55 - __main__ - INFO -   Optimizer step 810: lr = 0.00000281, grad_norm = 2.000000
2026-05-06 04:03:57 - __main__ - INFO -   Optimizer step 811: lr = 0.00000277, grad_norm = 2.125000
2026-05-06 04:03:57 - __main__ - INFO -   Batch 740: loss = 0.2832
2026-05-06 04:03:59 - __main__ - INFO -   Optimizer step 812: lr = 0.00000273, grad_norm = 1.976562
2026-05-06 04:03:59 - __main__ - INFO -   Batch 745: loss = 0.0698
2026-05-06 04:04:01 - __main__ - INFO -   Optimizer step 813: lr = 0.00000269, grad_norm = 1.859375
2026-05-06 04:04:02 - __main__ - INFO -   Batch 750: loss = 0.0729
2026-05-06 04:04:03 - __main__ - INFO -   Optimizer step 814: lr = 0.00000265, grad_norm = 1.695312
2026-05-06 04:04:04 - __main__ - INFO -   Batch 755: loss = 0.1661
2026-05-06 04:04:05 - __main__ - INFO -   Optimizer step 815: lr = 0.00000260, grad_norm = 2.015625
2026-05-06 04:04:06 - __main__ - INFO -   Optimizer step 816: lr = 0.00000256, grad_norm = 2.031250
2026-05-06 04:04:06 - __main__ - INFO -   Batch 760: loss = 0.1584
2026-05-06 04:04:08 - __main__ - INFO -   Optimizer step 817: lr = 0.00000252, grad_norm = 1.781250
2026-05-06 04:04:09 - __main__ - INFO -   Batch 765: loss = 0.1831
2026-05-06 04:04:10 - __main__ - INFO -   Optimizer step 818: lr = 0.00000248, grad_norm = 2.312500
2026-05-06 04:04:11 - __main__ - INFO -   Batch 770: loss = 0.4623
2026-05-06 04:04:12 - __main__ - INFO -   Optimizer step 819: lr = 0.00000244, grad_norm = 1.992188
2026-05-06 04:04:13 - __main__ - INFO -   Batch 775: loss = 0.2169
2026-05-06 04:04:14 - __main__ - INFO -   Optimizer step 820: lr = 0.00000240, grad_norm = 1.789062
2026-05-06 04:04:16 - __main__ - INFO -   Optimizer step 821: lr = 0.00000236, grad_norm = 1.835938
2026-05-06 04:04:16 - __main__ - INFO -   Batch 780: loss = 0.1315
2026-05-06 04:04:17 - __main__ - INFO -   Optimizer step 822: lr = 0.00000232, grad_norm = 2.015625
2026-05-06 04:04:18 - __main__ - INFO -   Batch 785: loss = 0.1851
2026-05-06 04:04:19 - __main__ - INFO -   Optimizer step 823: lr = 0.00000228, grad_norm = 2.078125
2026-05-06 04:04:20 - __main__ - INFO -   Batch 790: loss = 0.3096
2026-05-06 04:04:21 - __main__ - INFO -   Optimizer step 824: lr = 0.00000225, grad_norm = 2.343750
2026-05-06 04:04:22 - __main__ - INFO -   Batch 795: loss = 0.1007
2026-05-06 04:04:23 - __main__ - INFO -   Optimizer step 825: lr = 0.00000221, grad_norm = 1.976562
2026-05-06 04:04:25 - __main__ - INFO -   Optimizer step 826: lr = 0.00000217, grad_norm = 1.664062
2026-05-06 04:04:25 - __main__ - INFO -   Batch 800: loss = 0.3464
2026-05-06 04:04:27 - __main__ - INFO -   Optimizer step 827: lr = 0.00000213, grad_norm = 1.859375
2026-05-06 04:04:27 - __main__ - INFO -   Batch 805: loss = 0.1656
2026-05-06 04:04:28 - __main__ - INFO -   Optimizer step 828: lr = 0.00000209, grad_norm = 2.187500
2026-05-06 04:04:29 - __main__ - INFO -   Batch 810: loss = 0.1524
2026-05-06 04:04:30 - __main__ - INFO -   Optimizer step 829: lr = 0.00000206, grad_norm = 1.976562
2026-05-06 04:04:31 - __main__ - INFO -   Batch 815: loss = 0.4105
2026-05-06 04:04:32 - __main__ - INFO -   Optimizer step 830: lr = 0.00000202, grad_norm = 1.445312
2026-05-06 04:04:34 - __main__ - INFO -   Optimizer step 831: lr = 0.00000198, grad_norm = 2.093750
2026-05-06 04:04:34 - __main__ - INFO -   Batch 820: loss = 0.3955
2026-05-06 04:04:36 - __main__ - INFO -   Optimizer step 832: lr = 0.00000195, grad_norm = 2.125000
2026-05-06 04:04:36 - __main__ - INFO -   Batch 825: loss = 0.2207
2026-05-06 04:04:38 - __main__ - INFO -   Optimizer step 833: lr = 0.00000191, grad_norm = 2.328125
2026-05-06 04:04:38 - __main__ - INFO -   Batch 830: loss = 0.3531
2026-05-06 04:04:39 - __main__ - INFO -   Optimizer step 834: lr = 0.00000188, grad_norm = 1.976562
2026-05-06 04:04:41 - __main__ - INFO -   Batch 835: loss = 0.1558
2026-05-06 04:04:41 - __main__ - INFO -   Optimizer step 835: lr = 0.00000184, grad_norm = 2.484375
2026-05-06 04:04:43 - __main__ - INFO -   Optimizer step 836: lr = 0.00000181, grad_norm = 1.976562
2026-05-06 04:04:43 - __main__ - INFO -   Batch 840: loss = 0.3854
2026-05-06 04:04:45 - __main__ - INFO -   Optimizer step 837: lr = 0.00000177, grad_norm = 1.734375
2026-05-06 04:04:45 - __main__ - INFO -   Batch 845: loss = 0.3346
2026-05-06 04:04:47 - __main__ - INFO -   Optimizer step 838: lr = 0.00000174, grad_norm = 1.992188
2026-05-06 04:04:48 - __main__ - INFO -   Batch 850: loss = 0.5283
2026-05-06 04:04:49 - __main__ - INFO -   Optimizer step 839: lr = 0.00000170, grad_norm = 2.171875
2026-05-06 04:04:50 - __main__ - INFO -   Batch 855: loss = 0.1624
2026-05-06 04:04:50 - __main__ - INFO -   Optimizer step 840: lr = 0.00000167, grad_norm = 1.742188
2026-05-06 04:04:52 - __main__ - INFO -   Optimizer step 841: lr = 0.00000164, grad_norm = 1.937500
2026-05-06 04:04:52 - __main__ - INFO -   Batch 860: loss = 0.4060
2026-05-06 04:04:54 - __main__ - INFO -   Optimizer step 842: lr = 0.00000160, grad_norm = 1.726562
2026-05-06 04:04:54 - __main__ - INFO -   Batch 865: loss = 0.1587
2026-05-06 04:04:56 - __main__ - INFO -   Optimizer step 843: lr = 0.00000157, grad_norm = 2.109375
2026-05-06 04:04:57 - __main__ - INFO -   Batch 870: loss = 0.1794
2026-05-06 04:04:58 - __main__ - INFO -   Optimizer step 844: lr = 0.00000154, grad_norm = 2.203125
2026-05-06 04:04:59 - __main__ - INFO -   Batch 875: loss = 0.2580
2026-05-06 04:05:00 - __main__ - INFO -   Optimizer step 845: lr = 0.00000151, grad_norm = 1.953125
2026-05-06 04:05:01 - __main__ - INFO -   Optimizer step 846: lr = 0.00000148, grad_norm = 2.125000
2026-05-06 04:05:01 - __main__ - INFO -   Batch 880: loss = 0.2107
2026-05-06 04:05:03 - __main__ - INFO -   Optimizer step 847: lr = 0.00000144, grad_norm = 2.000000
2026-05-06 04:05:04 - __main__ - INFO -   Batch 885: loss = 0.2872
2026-05-06 04:05:05 - __main__ - INFO -   Optimizer step 848: lr = 0.00000141, grad_norm = 1.820312
2026-05-06 04:05:06 - __main__ - INFO -   Batch 890: loss = 0.3756
2026-05-06 04:05:07 - __main__ - INFO -   Optimizer step 849: lr = 0.00000138, grad_norm = 2.281250
2026-05-06 04:05:08 - __main__ - INFO -   Batch 895: loss = 0.3114
2026-05-06 04:05:09 - __main__ - INFO -   Optimizer step 850: lr = 0.00000135, grad_norm = 2.375000
2026-05-06 04:05:11 - __main__ - INFO -   Optimizer step 851: lr = 0.00000132, grad_norm = 1.742188
2026-05-06 04:05:11 - __main__ - INFO -   Batch 900: loss = 0.0945
2026-05-06 04:05:12 - __main__ - INFO -   Optimizer step 852: lr = 0.00000129, grad_norm = 1.867188
2026-05-06 04:05:13 - __main__ - INFO -   Batch 905: loss = 0.2198
2026-05-06 04:05:14 - __main__ - INFO -   Optimizer step 853: lr = 0.00000126, grad_norm = 2.000000
2026-05-06 04:05:15 - __main__ - INFO -   Batch 910: loss = 0.5463
2026-05-06 04:05:16 - __main__ - INFO -   Optimizer step 854: lr = 0.00000124, grad_norm = 2.062500
2026-05-06 04:05:17 - __main__ - INFO -   Batch 915: loss = 0.4253
2026-05-06 04:05:18 - __main__ - INFO -   Optimizer step 855: lr = 0.00000121, grad_norm = 1.648438
2026-05-06 04:05:20 - __main__ - INFO -   Optimizer step 856: lr = 0.00000118, grad_norm = 1.906250
2026-05-06 04:05:20 - __main__ - INFO -   Batch 920: loss = 0.2397
2026-05-06 04:05:22 - __main__ - INFO -   Optimizer step 857: lr = 0.00000115, grad_norm = 1.921875
2026-05-06 04:05:22 - __main__ - INFO -   Batch 925: loss = 0.2573
2026-05-06 04:05:23 - __main__ - INFO -   Optimizer step 858: lr = 0.00000112, grad_norm = 2.000000
2026-05-06 04:05:24 - __main__ - INFO -   Batch 930: loss = 0.1774
2026-05-06 04:05:25 - __main__ - INFO -   Optimizer step 859: lr = 0.00000110, grad_norm = 2.140625
2026-05-06 04:05:27 - __main__ - INFO -   Batch 935: loss = 0.1039
2026-05-06 04:05:27 - __main__ - INFO -   Optimizer step 860: lr = 0.00000107, grad_norm = 1.945312
2026-05-06 04:05:29 - __main__ - INFO -   Optimizer step 861: lr = 0.00000104, grad_norm = 2.031250
2026-05-06 04:05:29 - __main__ - INFO -   Batch 940: loss = 0.2290
2026-05-06 04:05:31 - __main__ - INFO -   Optimizer step 862: lr = 0.00000102, grad_norm = 2.156250
2026-05-06 04:05:31 - __main__ - INFO -   Batch 945: loss = 0.2785
2026-05-06 04:05:33 - __main__ - INFO -   Optimizer step 863: lr = 0.00000099, grad_norm = 2.187500
2026-05-06 04:05:33 - __main__ - INFO -   Batch 950: loss = 0.0990
2026-05-06 04:05:34 - __main__ - INFO -   Optimizer step 864: lr = 0.00000096, grad_norm = 1.835938
2026-05-06 04:05:36 - __main__ - INFO -   Batch 955: loss = 0.0399
2026-05-06 04:05:36 - __main__ - INFO -   Optimizer step 865: lr = 0.00000094, grad_norm = 1.781250
2026-05-06 04:05:38 - __main__ - INFO -   Optimizer step 866: lr = 0.00000091, grad_norm = 1.882812
2026-05-06 04:05:38 - __main__ - INFO -   Batch 960: loss = 0.0964
2026-05-06 04:05:40 - __main__ - INFO -   Optimizer step 867: lr = 0.00000089, grad_norm = 1.804688
2026-05-06 04:05:40 - __main__ - INFO -   Batch 965: loss = 0.4274
2026-05-06 04:05:42 - __main__ - INFO -   Optimizer step 868: lr = 0.00000086, grad_norm = 2.187500
2026-05-06 04:05:43 - __main__ - INFO -   Batch 970: loss = 0.0809
2026-05-06 04:05:44 - __main__ - INFO -   Optimizer step 869: lr = 0.00000084, grad_norm = 2.281250
2026-05-06 04:05:45 - __main__ - INFO -   Batch 975: loss = 0.2797
2026-05-06 04:05:45 - __main__ - INFO -   Optimizer step 870: lr = 0.00000082, grad_norm = 2.078125
2026-05-06 04:05:47 - __main__ - INFO -   Optimizer step 871: lr = 0.00000079, grad_norm = 1.992188
2026-05-06 04:05:47 - __main__ - INFO -   Batch 980: loss = 0.2068
2026-05-06 04:05:49 - __main__ - INFO -   Optimizer step 872: lr = 0.00000077, grad_norm = 1.812500
2026-05-06 04:05:50 - __main__ - INFO -   Batch 985: loss = 0.2867
2026-05-06 04:05:51 - __main__ - INFO -   Optimizer step 873: lr = 0.00000075, grad_norm = 2.468750
2026-05-06 04:05:52 - __main__ - INFO -   Batch 990: loss = 0.3555
2026-05-06 04:05:53 - __main__ - INFO -   Optimizer step 874: lr = 0.00000072, grad_norm = 1.976562
2026-05-06 04:05:54 - __main__ - INFO -   Batch 995: loss = 0.2769
2026-05-06 04:05:55 - __main__ - INFO -   Optimizer step 875: lr = 0.00000070, grad_norm = 2.187500
2026-05-06 04:05:56 - __main__ - INFO -   Optimizer step 876: lr = 0.00000068, grad_norm = 2.125000
2026-05-06 04:05:57 - __main__ - INFO -   Batch 1000: loss = 0.4580
2026-05-06 04:05:58 - __main__ - INFO -   Optimizer step 877: lr = 0.00000066, grad_norm = 1.914062
2026-05-06 04:05:59 - __main__ - INFO -   Batch 1005: loss = 0.5483
2026-05-06 04:06:00 - __main__ - INFO -   Optimizer step 878: lr = 0.00000064, grad_norm = 2.734375
2026-05-06 04:06:01 - __main__ - INFO -   Batch 1010: loss = 0.7405
2026-05-06 04:06:02 - __main__ - INFO -   Optimizer step 879: lr = 0.00000062, grad_norm = 2.265625
2026-05-06 04:06:03 - __main__ - INFO -   Batch 1015: loss = 0.4471
2026-05-06 04:06:04 - __main__ - INFO -   Optimizer step 880: lr = 0.00000060, grad_norm = 1.859375
2026-05-06 04:06:06 - __main__ - INFO -   Optimizer step 881: lr = 0.00000058, grad_norm = 1.562500
2026-05-06 04:06:06 - __main__ - INFO -   Batch 1020: loss = 0.1837
2026-05-06 04:06:07 - __main__ - INFO -   Optimizer step 882: lr = 0.00000056, grad_norm = 2.046875
2026-05-06 04:06:08 - __main__ - INFO -   Batch 1025: loss = 0.3380
2026-05-06 04:06:09 - __main__ - INFO -   Optimizer step 883: lr = 0.00000054, grad_norm = 2.000000
2026-05-06 04:06:10 - __main__ - INFO -   Batch 1030: loss = 0.0948
2026-05-06 04:06:11 - __main__ - INFO -   Optimizer step 884: lr = 0.00000052, grad_norm = 2.062500
2026-05-06 04:06:12 - __main__ - INFO -   Batch 1035: loss = 0.1201
2026-05-06 04:06:13 - __main__ - INFO -   Optimizer step 885: lr = 0.00000050, grad_norm = 2.093750
2026-05-06 04:06:15 - __main__ - INFO -   Optimizer step 886: lr = 0.00000048, grad_norm = 1.726562
2026-05-06 04:06:15 - __main__ - INFO -   Batch 1040: loss = 0.3141
2026-05-06 04:06:17 - __main__ - INFO -   Optimizer step 887: lr = 0.00000046, grad_norm = 2.109375
2026-05-06 04:06:17 - __main__ - INFO -   Batch 1045: loss = 0.4947
2026-05-06 04:06:18 - __main__ - INFO -   Optimizer step 888: lr = 0.00000045, grad_norm = 2.250000
2026-05-06 04:06:19 - __main__ - INFO -   Batch 1050: loss = 0.5144
2026-05-06 04:06:20 - __main__ - INFO -   Optimizer step 889: lr = 0.00000043, grad_norm = 2.109375
2026-05-06 04:06:22 - __main__ - INFO -   Batch 1055: loss = 0.1814
2026-05-06 04:06:22 - __main__ - INFO -   Optimizer step 890: lr = 0.00000041, grad_norm = 1.710938
2026-05-06 04:06:24 - __main__ - INFO -   Optimizer step 891: lr = 0.00000040, grad_norm = 1.812500
2026-05-06 04:06:24 - __main__ - INFO -   Batch 1060: loss = 0.3067
2026-05-06 04:06:26 - __main__ - INFO -   Optimizer step 892: lr = 0.00000038, grad_norm = 1.804688
2026-05-06 04:06:26 - __main__ - INFO -   Batch 1065: loss = 0.3732
2026-05-06 04:06:28 - __main__ - INFO -   Optimizer step 893: lr = 0.00000036, grad_norm = 2.046875
2026-05-06 04:06:29 - __main__ - INFO -   Batch 1070: loss = 0.1607
2026-05-06 04:06:29 - __main__ - INFO -   Optimizer step 894: lr = 0.00000035, grad_norm = 2.296875
2026-05-06 04:06:31 - __main__ - INFO -   Batch 1075: loss = 0.3117
2026-05-06 04:06:31 - __main__ - INFO -   Optimizer step 895: lr = 0.00000033, grad_norm = 2.203125
2026-05-06 04:06:33 - __main__ - INFO -   Optimizer step 896: lr = 0.00000032, grad_norm = 2.125000
2026-05-06 04:06:33 - __main__ - INFO -   Batch 1080: loss = 0.2039
2026-05-06 04:06:35 - __main__ - INFO -   Optimizer step 897: lr = 0.00000030, grad_norm = 1.851562
2026-05-06 04:06:35 - __main__ - INFO -   Batch 1085: loss = 0.2970
2026-05-06 04:06:37 - __main__ - INFO -   Optimizer step 898: lr = 0.00000029, grad_norm = 1.617188
2026-05-06 04:06:38 - __main__ - INFO -   Batch 1090: loss = 0.3453
2026-05-06 04:06:39 - __main__ - INFO -   Optimizer step 899: lr = 0.00000028, grad_norm = 2.265625
2026-05-06 04:06:40 - __main__ - INFO -   Batch 1095: loss = 0.3978
2026-05-06 04:06:40 - __main__ - INFO -   Optimizer step 900: lr = 0.00000026, grad_norm = 2.453125
2026-05-06 04:06:42 - __main__ - INFO -   Optimizer step 901: lr = 0.00000025, grad_norm = 1.726562
2026-05-06 04:06:42 - __main__ - INFO -   Batch 1100: loss = 0.0748
2026-05-06 04:06:44 - __main__ - INFO -   Optimizer step 902: lr = 0.00000024, grad_norm = 2.156250
2026-05-06 04:06:45 - __main__ - INFO -   Batch 1105: loss = 0.4068
2026-05-06 04:06:46 - __main__ - INFO -   Optimizer step 903: lr = 0.00000022, grad_norm = 1.742188
2026-05-06 04:06:47 - __main__ - INFO -   Batch 1110: loss = 0.3772
2026-05-06 04:06:48 - __main__ - INFO -   Optimizer step 904: lr = 0.00000021, grad_norm = 1.953125
2026-05-06 04:06:49 - __main__ - INFO -   Batch 1115: loss = 0.3678
2026-05-06 04:06:50 - __main__ - INFO -   Optimizer step 905: lr = 0.00000020, grad_norm = 2.250000
2026-05-06 04:06:51 - __main__ - INFO -   Optimizer step 906: lr = 0.00000019, grad_norm = 1.617188
2026-05-06 04:06:51 - __main__ - INFO -   Batch 1120: loss = 0.1165
2026-05-06 04:06:53 - __main__ - INFO -   Optimizer step 907: lr = 0.00000018, grad_norm = 2.015625
2026-05-06 04:06:54 - __main__ - INFO -   Batch 1125: loss = 0.1586
2026-05-06 04:06:55 - __main__ - INFO -   Optimizer step 908: lr = 0.00000017, grad_norm = 2.062500
2026-05-06 04:06:56 - __main__ - INFO -   Batch 1130: loss = 0.4358
2026-05-06 04:06:57 - __main__ - INFO -   Optimizer step 909: lr = 0.00000015, grad_norm = 2.031250
2026-05-06 04:06:58 - __main__ - INFO -   Batch 1135: loss = 0.0780
2026-05-06 04:06:59 - __main__ - INFO -   Optimizer step 910: lr = 0.00000014, grad_norm = 1.742188
2026-05-06 04:07:01 - __main__ - INFO -   Optimizer step 911: lr = 0.00000014, grad_norm = 1.734375
2026-05-06 04:07:01 - __main__ - INFO -   Batch 1140: loss = 0.1005
2026-05-06 04:07:02 - __main__ - INFO -   Optimizer step 912: lr = 0.00000013, grad_norm = 1.812500
2026-05-06 04:07:03 - __main__ - INFO -   Batch 1145: loss = 0.1933
2026-05-06 04:07:04 - __main__ - INFO -   Optimizer step 913: lr = 0.00000012, grad_norm = 1.726562
2026-05-06 04:07:05 - __main__ - INFO -   Batch 1150: loss = 0.3482
2026-05-06 04:07:06 - __main__ - INFO -   Optimizer step 914: lr = 0.00000011, grad_norm = 2.140625
2026-05-06 04:07:07 - __main__ - INFO -   Batch 1155: loss = 0.1389
2026-05-06 04:07:08 - __main__ - INFO -   Optimizer step 915: lr = 0.00000010, grad_norm = 1.718750
2026-05-06 04:07:10 - __main__ - INFO -   Optimizer step 916: lr = 0.00000009, grad_norm = 1.554688
2026-05-06 04:07:10 - __main__ - INFO -   Batch 1160: loss = 0.1344
2026-05-06 04:07:12 - __main__ - INFO -   Optimizer step 917: lr = 0.00000008, grad_norm = 1.898438
2026-05-06 04:07:12 - __main__ - INFO -   Batch 1165: loss = 0.2775
2026-05-06 04:07:13 - __main__ - INFO -   Optimizer step 918: lr = 0.00000008, grad_norm = 2.031250
2026-05-06 04:07:14 - __main__ - INFO -   Batch 1170: loss = 0.1460
2026-05-06 04:07:15 - __main__ - INFO -   Optimizer step 919: lr = 0.00000007, grad_norm = 1.992188
2026-05-06 04:07:17 - __main__ - INFO -   Batch 1175: loss = 0.1453
2026-05-06 04:07:17 - __main__ - INFO -   Optimizer step 920: lr = 0.00000006, grad_norm = 2.031250
2026-05-06 04:07:19 - __main__ - INFO -   Optimizer step 921: lr = 0.00000006, grad_norm = 1.843750
2026-05-06 04:07:19 - __main__ - INFO -   Batch 1180: loss = 0.1826
2026-05-06 04:07:21 - __main__ - INFO -   Optimizer step 922: lr = 0.00000005, grad_norm = 1.593750
2026-05-06 04:07:21 - __main__ - INFO -   Batch 1185: loss = 0.2508
2026-05-06 04:07:23 - __main__ - INFO -   Optimizer step 923: lr = 0.00000004, grad_norm = 2.078125
2026-05-06 04:07:23 - __main__ - INFO -   Batch 1190: loss = 0.4226
2026-05-06 04:07:24 - __main__ - INFO -   Optimizer step 924: lr = 0.00000004, grad_norm = 2.218750
2026-05-06 04:07:26 - __main__ - INFO -   Batch 1195: loss = 0.1439
2026-05-06 04:07:26 - __main__ - INFO -   Optimizer step 925: lr = 0.00000003, grad_norm = 2.265625
2026-05-06 04:07:28 - __main__ - INFO -   Optimizer step 926: lr = 0.00000003, grad_norm = 2.140625
2026-05-06 04:07:28 - __main__ - INFO -   Batch 1200: loss = 0.1155
2026-05-06 04:07:30 - __main__ - INFO -   Optimizer step 927: lr = 0.00000002, grad_norm = 1.914062
2026-05-06 04:07:30 - __main__ - INFO -   Batch 1205: loss = 0.3795
2026-05-06 04:07:32 - __main__ - INFO -   Optimizer step 928: lr = 0.00000002, grad_norm = 1.742188
2026-05-06 04:07:33 - __main__ - INFO -   Batch 1210: loss = 0.1342
2026-05-06 04:07:34 - __main__ - INFO -   Optimizer step 929: lr = 0.00000002, grad_norm = 1.859375
2026-05-06 04:07:35 - __main__ - INFO -   Batch 1215: loss = 0.3712
2026-05-06 04:07:35 - __main__ - INFO -   Optimizer step 930: lr = 0.00000001, grad_norm = 1.914062
2026-05-06 04:07:37 - __main__ - INFO -   Optimizer step 931: lr = 0.00000001, grad_norm = 1.726562
2026-05-06 04:07:37 - __main__ - INFO -   Batch 1220: loss = 0.0860
2026-05-06 04:07:39 - __main__ - INFO -   Optimizer step 932: lr = 0.00000001, grad_norm = 2.062500
2026-05-06 04:07:40 - __main__ - INFO -   Batch 1225: loss = 0.4387
2026-05-06 04:07:41 - __main__ - INFO -   Optimizer step 933: lr = 0.00000001, grad_norm = 2.140625
2026-05-06 04:07:42 - __main__ - INFO -   Batch 1230: loss = 0.4000
2026-05-06 04:07:43 - __main__ - INFO -   Optimizer step 934: lr = 0.00000000, grad_norm = 1.820312
2026-05-06 04:07:44 - __main__ - INFO -   Batch 1235: loss = 0.1533
2026-05-06 04:07:45 - __main__ - INFO -   Optimizer step 935: lr = 0.00000000, grad_norm = 1.484375
2026-05-06 04:07:46 - __main__ - INFO -   Optimizer step 936: lr = 0.00000000, grad_norm = 2.046875
2026-05-06 04:07:46 - __main__ - INFO -   Batch 1240: loss = 0.0786
2026-05-06 04:07:48 - __main__ - INFO -   Optimizer step 937: lr = 0.00000000, grad_norm = 2.125000
2026-05-06 04:07:49 - __main__ - INFO -   Batch 1245: loss = 0.5354
2026-05-06 04:07:50 - __main__ - INFO -   Optimizer step 938: lr = 0.00000000, grad_norm = 2.468750
2026-05-06 04:07:50 - __main__ - INFO -   Optimizer step 939: lr = 0.00000000, grad_norm = 1.125000
2026-05-06 04:07:50 - __main__ - INFO - Epoch 3 completed - Epoch Loss: 0.2672
2026-05-06 04:07:50 - __main__ - INFO - 
======================================================================
2026-05-06 04:07:50 - __main__ - INFO - Training Complete
2026-05-06 04:07:50 - __main__ - INFO - ======================================================================
2026-05-06 04:07:50 - __main__ - INFO - Average loss: 0.3619
2026-05-06 04:07:50 - __main__ - INFO - Total steps: 3747
2026-05-06 04:07:50 - __main__ - INFO - Optimizer steps: 939
2026-05-06 04:07:50 - __main__ - INFO - Training time: 3 epoch(s)
2026-05-06 04:07:50 - __main__ - INFO - 
[Post-Training Verification]
2026-05-06 04:07:50 - __main__ - INFO -   Parameters that were trained: 199
2026-05-06 04:07:50 - __main__ - INFO - ======================================================================

2026-05-06 04:07:50 - __main__ - INFO - 
Saving fine-tuned model...
2026-05-06 04:08:19 - __main__ - INFO - Model and tokenizer saved to ./only_sn_tuned_model_llama2_13b_chat_lr5e-5_lr5e-5_20260506_040750
2026-05-06 04:08:19 - __main__ - INFO - ✓ Gradient hooks cleaned up
2026-05-06 04:08:19 - __main__ - INFO - 
======================================================================
2026-05-06 04:08:19 - __main__ - INFO - SN-Tune Complete!
2026-05-06 04:08:19 - __main__ - INFO - ======================================================================
2026-05-06 04:08:19 - __main__ - INFO - Fine-tuned model saved to: ./only_sn_tuned_model_llama2_13b_chat_lr5e-5_lr5e-5_20260506_040750
2026-05-06 04:08:19 - __main__ - INFO - 
Starting upload to Hugging Face: kmseong/llama2_13b_chat_only_sn_tuned_rotation_space_lr5e-5
2026-05-06 04:14:28 - __main__ - INFO - ✓ Upload completed: https://huggingface.co/kmseong/llama2_13b_chat_only_sn_tuned_rotation_space_lr5e-5
2026-05-06 04:14:28 - __main__ - INFO - ======================================================================

